LOTTO GAME,COMBINATIONS,DRAW DATE,JACKPOT (PHP),WINNERS
Ultra Lotto 6/58,47-05-17-16-57-58,2/22/2015,"50,000,000.00",1
Ultra Lotto 6/58,06-23-34-21-46-37,2/27/2015,"50,000,000.00",0
Ultra Lotto 6/58,57-05-53-42-18-55,2/8/2015,"50,000,000.00",0
Ultra Lotto 6/58,43-24-36-16-39-22,2/13/2015,"50,000,000.00",0
Ultra Lotto 6/58,32-53-05-18-34-29,2/15/2015,"50,000,000.00",0
Ultra Lotto 6/58,13-14-7-41-48-39,2/20/2015,"50,000,000.00",0
Ultra Lotto 6/58,06-42-13-40-11-39,3/1/2015,"50,000,000.00",0
Ultra Lotto 6/58,39-54-50-21-32-20,3/6/2015,"50,000,000.00",0
Ultra Lotto 6/58,17-26-38-43-01-02,3/8/2015,"50,000,000.00",0
Ultra Lotto 6/58,05-10-41-14-09-06,3/15/2015,"50,000,000.00",0
Ultra Lotto 6/58,12-29-43-06-10-58,3/20/2015,"50,000,000.00",0
Ultra Lotto 6/58,15-35-57-32-38-25,3/22/2015,"50,000,000.00",0
Ultra Lotto 6/58,29-46-16-55-38-44,3/27/2015,"50,000,000.00",0
Ultra Lotto 6/58,13-01-16-55-32-27,3/29/2015,"50,000,000.00",0
Ultra Lotto 6/58,46-41-36-12-05-11,4/10/2015,"50,000,000.00",0
Ultra Lotto 6/58,11-38-19-10-07-17,4/12/2015,"50,000,000.00",0
Ultra Lotto 6/58,55-51-26-40-18-43,3/13/2015,"50,000,000.00",0
Ultra Lotto 6/58,27-26-3-41-39-45,4/17/2015,"50,000,000.00",0
Ultra Lotto 6/58,31-48-20-58-25-43,4/19/2015,"50,000,000.00",0
Ultra Lotto 6/58,12-13-53-39-01-07,4/24/2015,"50,000,000.00",0
Ultra Lotto 6/58,08-38-40-16-26-04,4/26/2015,"50,000,000.00",0
Ultra Lotto 6/58,50-48-25-34-23-15,5/1/2015,"50,000,000.00",0
Ultra Lotto 6/58,43-30-52-46-17-20,5/3/2015,"50,000,000.00",0
Ultra Lotto 6/58,13-17-48-50-51-39,5/8/2015,"51,636,696.00",0
Ultra Lotto 6/58,47-43-39-23-36-51,5/10/2015,"54,100,016.00",0
Ultra Lotto 6/58,41-15-29-11-39-33,5/15/2015,"57,026,088.00",0
Ultra Lotto 6/58,09-03-14-53-57-01,5/17/2015,"59,530,164.00",0
Ultra Lotto 6/58,34-49-19-02-31-13,5/22/2015,"62,473,836.00",0
Ultra Lotto 6/58,21-11-56-38-18-20,5/24/2015,"64,893,956.00",0
Ultra Lotto 6/58,46-51-18-28-22-54,5/29/2015,"67,942,176.00",0
Ultra Lotto 6/58,37-52-54-45-51-35,5/31/2015,"70,446,100.00",0
Ultra Lotto 6/58,32-31-41-09-10-44,6/5/2015,"73,621,700.00",0
Ultra Lotto 6/58,13-23-57-44-25-07,6/7/2015,"76,181,444.00",0
Ultra Lotto 6/58,41-25-14-29-56-07,6/12/2015,"79,229,176.00",0
Ultra Lotto 6/58,45-11-04-31-32-29,6/14/2015,"81,809,668.00",0
Ultra Lotto 6/58,41-33-20-57-07-01,6/19/2015,"85,169,492.00",0
Ultra Lotto 6/58,04-10-21-47-19-27,6/21/2015,"87,814,112.00",0
Ultra Lotto 6/58,58-26-18-39-06-38,6/26/2015,"91,298,392.00",0
Ultra Lotto 6/58,23-10-50-43-32-03,6/28/2015,"94,529,588.00",0
Ultra Lotto 6/58,05-25-04-24-56-40,7/3/2015,"98,687,396.00",0
Ultra Lotto 6/58,43-35-56-03-53-48,7/5/2015,"101,990,608.00",0
Ultra Lotto 6/58,34-05-01-28-18-46,7/10/2015,"106,143,884.00",0
Ultra Lotto 6/58,08-12-44-02-18-27,7/12/2015,"109,951,260.00",0
Ultra Lotto 6/58,28-20-14-15-58-51,7/17/2015,"114,137,864.00",0
Ultra Lotto 6/58,12-41-23-09-38-25,7/19/2015,"117,967,076.00",0
Ultra Lotto 6/58,38-33-13-35-49-29,7/24/2015,"122,434,392.00",0
Ultra Lotto 6/58,22-13-38-53-48-25,7/26/2015,"126,292,608.00",0
Ultra Lotto 6/58,55-52-01-33-31-47,7/31/2015,"131,059,732.00",0
Ultra Lotto 6/58,48-40-24-27-11-29,8/2/2015,"135,132,208.00",0
Ultra Lotto 6/58,48-31-22-45-02-30,8/7/2015,"139,959,356.00",0
Ultra Lotto 6/58,54-39-42-20-29-40,8/9/2015,"143,934,736.00",0
Ultra Lotto 6/58,56-18-24-13-37-22,8/14/2015,"148,839,812.00",0
Ultra Lotto 6/58,53-29-19-51-26-33,8/16/2015,"153,038,516.00",0
Ultra Lotto 6/58,07-19-12-54-40-46,8/21/2015,"157,660,836.00",0
Ultra Lotto 6/58,38-40-50-17-37-22,8/23/2015,"161,728,512.00",0
Ultra Lotto 6/58,58-02-54-22-11-25,8/28/2015,"166,789,276.00",0
Ultra Lotto 6/58,21-06-57-56-30-33,8/30/2015,"170,933,956.00",0
Ultra Lotto 6/58,45-25-08-13-07-47,9/4/2015,"176,515,840.00",0
Ultra Lotto 6/58,09-55-07-33-19-28,9/6/2015,"181,433,656.00",0
Ultra Lotto 6/58,17-34-56-42-36-40,9/13/2015,"192,527,088.00",0
Ultra Lotto 6/58,45-13-49-53-16-40,9/11/2015,"187,353,392.00",0
Ultra Lotto 6/58,39-56-49-35-34-15,9/18/2015,"198,885,092.00",0
Ultra Lotto 6/58,11-43-04-09-13-30,9/20/2015,"204,398,484.00",0
Ultra Lotto 6/58,25-14-35-13-02-53,9/25/2015,"211,057,824.00",0
Ultra Lotto 6/58,06-34-18-49-54-04,9/27/2015,"216,967,656.00",0
Ultra Lotto 6/58,40-48-27-09-36-39,10/2/2015,"223,913,368.00",0
Ultra Lotto 6/58,10-24-38-12-50-08,10/4/2015,"229,955,648.00",0
Ultra Lotto 6/58,55-08-39-32-14-45,10/9/2015,"236,892,056.00",0
Ultra Lotto 6/58,38-10-42-13-25-46,10/11/2015,"243,152,252.00",0
Ultra Lotto 6/58,05-37-16-28-14-44,10/16/2015,"250,746,184.00",0
Ultra Lotto 6/58,54-19-15-03-20-50,10/18/2015,"256,317,648.00",0
Ultra Lotto 6/58,16-15-18-46-08-29,10/23/2015,"263,870,888.00",0
Ultra Lotto 6/58,49-04-46-34-19-56,10/25/2015,"270,329,376.00",0
Ultra Lotto 6/58,22-09-24-16-52-42,10/30/2015,"277,977,308.00",1
Ultra Lotto 6/58,22-03-27-41-43-36,11/1/2015,"50,000,000.00",0
Ultra Lotto 6/58,11-22-03-43-34-06,11/6/2015,"50,000,000.00",0
Ultra Lotto 6/58,48-52-14-58-23-38,11/8/2015,"50,000,000.00",0
Ultra Lotto 6/58,48-15-01-35-26-22,11/13/2015,"50,000,000.00",0
Ultra Lotto 6/58,20-01-04-40-51-02,11/15/2015,"50,000,000.00",0
Ultra Lotto 6/58,33-54-45-20-14-12,11/20/2015,"50,000,000.00",0
Ultra Lotto 6/58,15-48-31-04-43-13,11/22/2015,"50,000,000.00",0
Ultra Lotto 6/58,32-51-27-01-16-20,11/27/2015,"50,000,000.00",0
Ultra Lotto 6/58,19-51-38-17-43-04,11/29/2015,"50,000,000.00",0
Ultra Lotto 6/58,22-28-01-43-06-13,12/4/2015,"50,000,000.00",0
Ultra Lotto 6/58,38-33-11-25-54-41,12/6/2015,"50,000,000.00",0
Ultra Lotto 6/58,08-55-11-33-05-10,12/11/2015,"50,000,000.00",0
Ultra Lotto 6/58,50-52-09-33-08-31,12/13/2015,"50,000,000.00",0
Ultra Lotto 6/58,53-30-54-41-43-26,12/18/2015,"50,000,000.00",0
Ultra Lotto 6/58,16-07-50-03-26-53,12/20/2015,"50,000,000.00",0
Ultra Lotto 6/58,13-27-23-11-01-09,12/27/2015,"50,000,000.00",0
Ultra Lotto 6/58,26-10-05-24-49-12,1/3/2016,"50,000,000.00",1
Ultra Lotto 6/58,38-35-33-08-49-52,1/8/2016,"50,000,000.00",0
Ultra Lotto 6/58,23-54-31-05-32-03,1/10/2016,"50,000,000.00",0
Ultra Lotto 6/58,22-16-45-56-54-39,1/15/2016,"50,000,000.00",0
Ultra Lotto 6/58,53-19-58-38-04-27,1/17/2016,"50,000,000.00",0
Ultra Lotto 6/58,37-14-25-09-46-31,1/22/2016,"50,000,000.00",0
Ultra Lotto 6/58,25-43-49-57-06-13,1/24/2016,"50,000,000.00",0
Ultra Lotto 6/58,44-12-54-33-04-53,1/29/2016,"50,000,000.00",0
Ultra Lotto 6/58,15-20-37-29-54-16,1/31/2016,"50,000,000.00",0
Ultra Lotto 6/58,35-06-48-58-33-50,2/5/2016,"50,000,000.00",0
Ultra Lotto 6/58,40-55-20-13-32-23,2/7/2016,"50,000,000.00",0
Ultra Lotto 6/58,47-30-49-27-46-42,2/12/2016,"50,000,000.00",0
Ultra Lotto 6/58,27-34-42-21-11-38,2/14/2016,"50,000,000.00",0
Ultra Lotto 6/58,10-03-01-51-44-13,2/19/2016,"50,000,000.00",0
Ultra Lotto 6/58,39-33-19-21-09-55,2/21/2016,"50,000,000.00",0
Ultra Lotto 6/58,44-58-09-41-23-35,2/26/2016,"50,000,000.00",0
Ultra Lotto 6/58,10-13-23-11-07-09,2/28/2016,"50,000,000.00",0
Ultra Lotto 6/58,36-41-03-06-15-26,3/4/2016,"50,000,000.00",0
Ultra Lotto 6/58,48-37-33-34-41-50,3/6/2016,"50,000,000.00",0
Ultra Lotto 6/58,25-07-36-39-31-30,3/11/2016,"50,000,000.00",0
Ultra Lotto 6/58,27-12-01-11-29-52,3/13/2016,"50,604,224.00",0
Ultra Lotto 6/58,33-04-48-44-19-38,3/18/2016,"53,409,188.00",0
Ultra Lotto 6/58,29-08-33-46-35-21,3/20/2016,"55,709,300.00",0
Ultra Lotto 6/58,47-25-20-44-06-55,4/1/2016,"58,719,148.00",0
Ultra Lotto 6/58,36-39-33-01-11-50,4/3/2016,"60,885,856.00",0
Ultra Lotto 6/58,40-41-01-25-28-44,4/8/2016,"63,714,204.00",0
Ultra Lotto 6/58,53-48-44-04-46-11,4/10/2016,"65,823,720.00",0
Ultra Lotto 6/58,07-53-13-50-22-01,4/15/2016,"68,529,988.00",0
Ultra Lotto 6/58,34-19-33-39-06-49,4/17/2016,"71,285,768.00",0
Ultra Lotto 6/58,02-51-40-33-20-13,4/22/2016,"74,383,672.00",0
Ultra Lotto 6/58,36-35-51-38-46-30,4/24/2016,"77,209,604.00",0
Ultra Lotto 6/58,35-56-30-46-57-08,4/29/2016,"80,234,380.00",0
Ultra Lotto 6/58,27-41-15-52-39-04,5/1/2016,"83,250,596.00",0
Ultra Lotto 6/58,38-23-55-17-51-08,5/6/2016,"86,865,264.00",0
Ultra Lotto 6/58,49-52-22-01-46-41,5/8/2016,"89,902,124.00",0
Ultra Lotto 6/58,08-12-09-50-13-46,5/13/2016,"93,706,916.00",0
Ultra Lotto 6/58,41-21-13-52-36-06,5/15/2016,"97,025,016.00",0
Ultra Lotto 6/58,05-42-34-49-33-52,5/20/2016,"101,301,028.00",0
Ultra Lotto 6/58,31-40-42-51-06-18,5/22/2016,"104,963,184.00",0
Ultra Lotto 6/58,11-50-56-53-12-09,5/27/2016,"109,460,484.00",0
Ultra Lotto 6/58,06-44-36-54-32-29,5/29/2016,"113,172,840.00",0
Ultra Lotto 6/58,13-02-25-06-03-49,6/3/2016,"117,896,552.00",0
Ultra Lotto 6/58,22-05-07-25-53-32,6/5/2016,"121,868,792.00",0
Ultra Lotto 6/58,39-19-54-06-22-12,6/10/2016,"126,590,668.00",0
Ultra Lotto 6/58,50-03-49-13-58-34,6/12/2016,"130,544,376.00",0
Ultra Lotto 6/58,16-58-33-35-02-50,6/17/2016,"135,285,580.00",0
Ultra Lotto 6/58,45-46-07-03-49-58,6/19/2016,"139,216,872.00",0
Ultra Lotto 6/58,51-49-25-40-31-45,6/24/2016,"143,947,844.00",0
Ultra Lotto 6/58,11-53-02-29-01-09,6/26/2016,"148,235,564.00",0
Ultra Lotto 6/58,36-47-04-03-20-28,7/1/2016,"153,031,572.00",0
Ultra Lotto 6/58,54-23-32-04-14-38,7/3/2016,"157,515,824.00",0
Ultra Lotto 6/58,11-27-51-02-16-41,7/8/2016,"162,847,140.00",0
Ultra Lotto 6/58,44-39-43-10-07-23,7/10/2016,"167,511,164.00",0
Ultra Lotto 6/58,06-21-57-31-53-02,7/15/2016,"173,368,172.00",0
Ultra Lotto 6/58,39-05-11-26-16-28,7/17/2016,"178,240,316.00",0
Ultra Lotto 6/58,09-47-04-20-52-05,7/22/2016,"184,031,148.00",0
Ultra Lotto 6/58,10-30-22-34-50-28,7/24/2016,"188,714,904.00",0
Ultra Lotto 6/58,20-55-14-22-18-30,7/29/2016,"194,605,848.00",1
Ultra Lotto 6/58,21-27-55-47-46-19,7/31/2016,"50,000,000.00",0
Ultra Lotto 6/58,02-09-06-30-52-08,8/5/2016,"50,000,000.00",0
Ultra Lotto 6/58,55-36-33-30-53-32,8/7/2016,"50,000,000.00",0
Ultra Lotto 6/58,50-19-25-15-51-14,8/12/2016,"50,000,000.00",0
Ultra Lotto 6/58,05-54-48-17-01-39,8/14/2016,"50,000,000.00",0
Ultra Lotto 6/58,07-38-40-31-53-30,8/19/2016,"50,000,000.00",0
Ultra Lotto 6/58,24-10-42-30-25-13,8/21/2016,"50,000,000.00",0
Ultra Lotto 6/58,38-37-57-22-30-53,8/26/2016,"50,000,000.00",0
Ultra Lotto 6/58,20-12-02-03-15-22,8/28/2016,"50,000,000.00",1
Ultra Lotto 6/58,48-34-36-16-27-35,9/2/2016,"50,000,000.00",0
Ultra Lotto 6/58,13-47-26-28-01-48,9/4/2016,"50,000,000.00",0
Ultra Lotto 6/58,29-27-34-47-04-12,9/9/2016,"50,000,000.00",0
Ultra Lotto 6/58,11-15-20-08-49-37,9/11/2016,"50,000,000.00",0
Ultra Lotto 6/58,23-41-13-46-43-58,9/16/2016,"50,000,000.00",0
Ultra Lotto 6/58,13-51-12-02-06-36,9/18/2016,"50,000,000.00",0
Ultra Lotto 6/58,32-56-27-57-15-09,9/23/2016,"50,000,000.00",0
Ultra Lotto 6/58,56-50-52-14-21-25,9/25/2016,"50,000,000.00",0
Ultra Lotto 6/58,51-49-47-25-39-05,9/30/2016,"50,000,000.00",0
Ultra Lotto 6/58,29-01-44-38-28-32,10/2/2016,"50,000,000.00",0
Ultra Lotto 6/58,56-45-33-54-52-18,10/7/2016,"50,000,000.00",0
Ultra Lotto 6/58,37-16-13-44-54-25,10/9/2016,"50,000,000.00",0
Ultra Lotto 6/58,49-31-25-52-53-33,10/14/2016,"50,000,000.00",0
Ultra Lotto 6/58,04-03-35-56-39-05,10/16/2016,"50,000,000.00",0
Ultra Lotto 6/58,51-46-43-47-12-32,10/21/2016,"50,000,000.00",0
Ultra Lotto 6/58,26-44-04-57-21-54,10/23/2016,"50,000,000.00",0
Ultra Lotto 6/58,46-32-02-57-15-03,10/28/2016,"50,000,000.00",0
Ultra Lotto 6/58,01-34-41-02-10-21,10/30/2016,"50,000,000.00",0
Ultra Lotto 6/58,58-06-25-47-38-41,11/4/2016,"50,585,288.00",0
Ultra Lotto 6/58,54-48-58-42-21-15,11/6/2016,"53,142,076.00",0
Ultra Lotto 6/58,08-51-07-32-37-17,11/11/2016,"56,277,080.00",0
Ultra Lotto 6/58,15-02-31-58-56-22,11/13/2016,"59,160,064.00",0
Ultra Lotto 6/58,43-42-29-10-41-04,11/18/2016,"62,442,460.00",0
Ultra Lotto 6/58,58-53-26-42-54-28,11/20/2016,"65,464,104.00",0
Ultra Lotto 6/58,46-32-10-56-27-48,11/25/2016,"68,605,832.00",0
Ultra Lotto 6/58,04-31-13-36-24-53,11/27/2016,"71,690,560.00",0
Ultra Lotto 6/58,17-40-58-27-47-05,12/2/2016,"75,242,616.00",0
Ultra Lotto 6/58,30-02-17-42-01-03,12/4/2016,"78,599,956.00",0
Ultra Lotto 6/58,55-23-29-22-53-41,12/9/2016,"82,286,924.00",0
Ultra Lotto 6/58,44-33-05-52-50-58,12/11/2016,"85,663,640.00",0
Ultra Lotto 6/58,19-34-58-28-08-36,12/16/2016,"89,365,904.00",0
Ultra Lotto 6/58,08-56-07-43-13-17,12/18/2016,"92,744,368.00",0
Ultra Lotto 6/58,40-14-34-45-20-36,12/23/2016,"97,297,272.00",0
Ultra Lotto 6/58,38-58-23-42-34-08,12/30/2016,"102,271,052.00",0
Ultra Lotto 6/58,21-17-54-47-08-02,1/6/2017,"107,512,772.00",0
Ultra Lotto 6/58,40-50-46-44-08-12,1/8/2017,"112,024,060.00",0
Ultra Lotto 6/58,45-19-06-07-08-22,1/13/2017,"117,257,944.00",0
Ultra Lotto 6/58,22-52-43-54-04-18,1/15/2017,"121,745,164.00",0
Ultra Lotto 6/58,40-43-39-21-52-46,1/20/2017,"127,031,376.00",0
Ultra Lotto 6/58,39-09-30-20-34-01,1/22/2017,"131,647,064.00",0
Ultra Lotto 6/58,05-41-53-12-16-46,1/27/2017,"136,957,364.00",0
Ultra Lotto 6/58,23-47-34-14-52-57,1/29/2017,"141,918,708.00",0
Ultra Lotto 6/58,17-30-06-13-43-31,2/3/2017,"147,394,816.00",0
Ultra Lotto 6/58,47-06-36-48-10-25,2/5/2017,"152,661,032.00",0
Ultra Lotto 6/58,12-05-01-18-22-35,2/10/2017,"158,496,424.00",0
Ultra Lotto 6/58,32-47-18-26-57-58,2/12/2017,"163,993,180.00",0
Ultra Lotto 6/58,03-34-06-13-07-19,2/14/2017,"166,168,836.00",0
Ultra Lotto 6/58,41-44-08-26-15-01,2/17/2017,"171,602,000.00",0
Ultra Lotto 6/58,09-03-40-53-27-20,2/19/2017,"177,204,800.00",0
Ultra Lotto 6/58,35-48-29-56-17-33,2/21/2017,"180,476,548.00",0
Ultra Lotto 6/58,49-22-39-42-25-47,2/24/2017,"186,053,028.00",0
Ultra Lotto 6/58,11-34-46-02-27-45,2/26/2017,"191,732,988.00",0
Ultra Lotto 6/58,11-26-20-19-56-31,2/28/2017,"195,942,668.00",0
Ultra Lotto 6/58,17-36-44-32-19-33,3/3/2017,"202,094,084.00",0
Ultra Lotto 6/58,21-34-58-14-57-09,3/5/2017,"208,548,316.00",0
Ultra Lotto 6/58,28-10-50-38-36-24,3/7/2017,"213,785,808.00",0
Ultra Lotto 6/58,34-27-02-17-15-38,3/10/2017,"222,461,092.00",0
Ultra Lotto 6/58,16-02-10-09-54-35,3/12/2017,"229,801,040.00",0
Ultra Lotto 6/58,06-07-19-16-36-04,3/14/2017,"236,039,676.00",0
Ultra Lotto 6/58,19-24-58-15-09-14,3/17/2017,"245,373,452.00",0
Ultra Lotto 6/58,51-48-04-39-09-19,3/19/2017,"253,374,080.00",0
Ultra Lotto 6/58,24-53-10-38-04-49,3/21/2017,"260,552,992.00",0
Ultra Lotto 6/58,30-18-43-37-09-39,3/24/2017,"269,964,732.00",0
Ultra Lotto 6/58,39-17-44-01-12-13,3/26/2017,"278,292,336.00",0
Ultra Lotto 6/58,10-21-23-06-27-09,3/28/2017,"286,007,372.00",3
Ultra Lotto 6/58,01-03-43-16-08-24,3/31/2017,"50,000,000.00",0
Ultra Lotto 6/58,22-48-57-12-33-43,4/2/2017,"50,000,000.00",0
Ultra Lotto 6/58,23-21-30-26-44-34,4/4/2017,"50,000,000.00",0
Ultra Lotto 6/58,36-49-58-46-03-02,4/7/2017,"50,000,000.00",0
Ultra Lotto 6/58,57-24-45-50-25-40,4/9/2017,"50,000,000.00",0
Ultra Lotto 6/58,51-13-06-25-15-58,4/11/2017,"50,000,000.00",0
Ultra Lotto 6/58,03-06-24-15-18-38,4/18/2017,"50,000,000.00",0
Ultra Lotto 6/58,24-23-34-02-29-32,4/21/2017,"50,000,000.00",0
Ultra Lotto 6/58,47-09-06-48-56-17,4/23/2017,"50,000,000.00",0
Ultra Lotto 6/58,03-27-23-29-47-57,4/25/2017,"50,000,000.00",0
Ultra Lotto 6/58,14-44-46-56-31-16,4/28/2017,"50,000,000.00",0
Ultra Lotto 6/58,33-38-29-57-31-53,4/30/2017,"50,000,000.00",0
Ultra Lotto 6/58,22-34-25-23-18-33,5/2/2017,"50,000,000.00",0
Ultra Lotto 6/58,26-33-58-56-39-37,5/5/2017,"50,000,000.00",0
Ultra Lotto 6/58,31-52-44-57-21-45,5/7/2017,"50,000,000.00",0
Ultra Lotto 6/58,18-15-58-30-07-05,5/9/2017,"50,000,000.00",0
Ultra Lotto 6/58,02-16-11-49-18-03,5/12/2017,"50,000,000.00",0
Ultra Lotto 6/58,56-13-58-17-20-08,5/14/2017,"50,000,000.00",0
Ultra Lotto 6/58,08-26-48-41-47-39,5/16/2017,"51,329,860.00",0
Ultra Lotto 6/58,30-11-50-54-28-15,5/19/2017,"54,323,568.00",0
Ultra Lotto 6/58,05-08-45-09-46-36,5/21/2017,"57,381,244.00",0
Ultra Lotto 6/58,22-33-21-57-14-41,5/23/2017,"59,789,192.00",0
Ultra Lotto 6/58,58-47-43-22-44-12,5/26/2017,"62,694,664.00",0
Ultra Lotto 6/58,36-17-39-35-40-11,5/28/2017,"65,813,936.00",0
Ultra Lotto 6/58,03-21-54-15-20-12,5/30/2017,"68,118,984.00",0
Ultra Lotto 6/58,47-32-53-02-45-11,6/2/2017,"71,188,576.00",0
Ultra Lotto 6/58,29-28-10-36-33-03,6/4/2017,"74,359,852.00",0
Ultra Lotto 6/58,09-04-08-23-29-16,6/6/2017,"76,884,280.00",0
Ultra Lotto 6/58,16-06-23-36-20-56,6/9/2017,"79,892,232.00",0
Ultra Lotto 6/58,23-03-14-56-58-04,6/11/2017,"83,179,928.00",0
Ultra Lotto 6/58,08-52-20-19-48-36,6/13/2017,"85,983,280.00",0
Ultra Lotto 6/58,31-50-06-12-16-40,6/16/2017,"90,029,392.00",0
Ultra Lotto 6/58,39-34-28-45-20-50,6/18/2017,"93,577,516.00",0
Ultra Lotto 6/58,22-24-23-54-46-43,6/20/2017,"96,489,388.00",0
Ultra Lotto 6/58,36-32-25-51-43-31,6/23/2017,"100,699,088.00",0
Ultra Lotto 6/58,51-28-36-01-40-56,6/25/2017,"104,429,576.00",0
Ultra Lotto 6/58,46-57-38-34-43-10,6/27/2017,"107,714,940.00",0
Ultra Lotto 6/58,03-42-38-33-30-47,6/30/2017,"112,416,016.00",0
Ultra Lotto 6/58,58-29-26-14-52-51,7/2/2017,"116,420,776.00",0
Ultra Lotto 6/58,51-53-16-32-41-40,7/4/2017,"119,926,976.00",0
Ultra Lotto 6/58,15-38-22-52-56-02,7/7/2017,"124,588,276.00",0
Ultra Lotto 6/58,45-21-16-20-38-29,7/9/2017,"128,788,612.00",0
Ultra Lotto 6/58,52-29-28-05-33-41,7/11/2017,"132,364,656.00",0
Ultra Lotto 6/58,14-36-08-34-50-53,7/14/2017,"137,135,100.00",0
Ultra Lotto 6/58,54-51-43-38-09-56,7/16/2017,"141,512,652.00",0
Ultra Lotto 6/58,45-46-25-39-01-42,7/18/2017,"145,231,512.00",0
Ultra Lotto 6/58,07-14-36-08-42-27,7/21/2017,"150,409,996.00",0
Ultra Lotto 6/58,52-08-27-14-19-53,7/23/2017,"154,846,068.00",0
Ultra Lotto 6/58,04-56-35-38-57-49,7/25/2017,"158,719,248.00",0
Ultra Lotto 6/58,44-29-15-50-39-54,7/28/2017,"163,744,040.00",0
Ultra Lotto 6/58,20-55-47-52-12-57,7/30/2017,"168,312,456.00",0
Ultra Lotto 6/58,53-14-23-02-58-20,8/1/2017,"172,288,792.00",0
Ultra Lotto 6/58,36-50-26-58-25-16,8/4/2017,"177,685,184.00",0
Ultra Lotto 6/58,54-08-45-07-23-19,8/6/2017,"182,510,372.00",0
Ultra Lotto 6/58,07-19-14-24-08-18,8/8/2017,"186,845,400.00",0
Ultra Lotto 6/58,16-31-44-02-51-13,8/11/2017,"192,590,568.00",0
Ultra Lotto 6/58,03-47-30-35-16-08,8/13/2017,"197,729,664.00",0
Ultra Lotto 6/58,07-54-14-10-04-49,8/15/2017,"202,500,112.00",0
Ultra Lotto 6/58,48-44-50-56-08-07,8/18/2017,"208,845,872.00",0
Ultra Lotto 6/58,21-05-55-51-30-34,8/20/2017,"214,475,560.00",0
Ultra Lotto 6/58,50-16-22-14-09-47,8/22/2017,"219,430,016.00",0
Ultra Lotto 6/58,35-06-01-41-40-42,8/25/2017,"226,005,508.00",0
Ultra Lotto 6/58,40-08-49-11-02-29,8/27/2017,"231,912,740.00",0
Ultra Lotto 6/58,19-06-26-43-33-40,8/29/2017,"237,285,788.00",0
Ultra Lotto 6/58,32-06-35-50-30-14,9/1/2017,"244,609,324.00",0
Ultra Lotto 6/58,30-16-04-17-41-01,9/3/2017,"251,105,692.00",0
Ultra Lotto 6/58,03-27-17-12-20-06,9/5/2017,"256,832,816.00",2
Ultra Lotto 6/58,31-03-52-34-22-15,9/8/2017,"50,000,000.00",0
Ultra Lotto 6/58,34-37-39-26-23-10,9/10/2017,"50,000,000.00",0
Ultra Lotto 6/58,52-17-58-09-19-10,9/12/2017,"50,000,000.00",0
Ultra Lotto 6/58,02-27-24-04-50-46,9/15/2017,"50,000,000.00",0
Ultra Lotto 6/58,10-17-03-35-50-44,9/17/2017,"50,000,000.00",0
Ultra Lotto 6/58,57-06-47-36-52-56,9/19/2017,"50,000,000.00",0
Ultra Lotto 6/58,23-33-02-47-40-06,9/22/2017,"50,000,000.00",0
Ultra Lotto 6/58,17-54-29-13-08-10,9/24/2017,"50,000,000.00",0
Ultra Lotto 6/58,01-15-26-55-21-11,9/26/2017,"50,000,000.00",0
Ultra Lotto 6/58,54-13-06-23-01-15,9/29/2017,"50,000,000.00",0
Ultra Lotto 6/58,40-57-02-41-47-27,10/1/2017,"50,000,000.00",0
Ultra Lotto 6/58,36-37-17-54-22-25,10/3/2017,"50,000,000.00",0
Ultra Lotto 6/58,42-32-27-10-15-03,10/6/2017,"50,000,000.00",0
Ultra Lotto 6/58,07-37-24-08-32-22,10/8/2017,"50,000,000.00",0
Ultra Lotto 6/58,56-11-14-46-58-47,10/10/2017,"50,000,000.00",0
Ultra Lotto 6/58,54-37-53-29-41-50,10/13/2017,"50,000,000.00",0
Ultra Lotto 6/58,14-02-04-57-05-17,10/15/2017,"49,500,000.00",0
Ultra Lotto 6/58,07-41-34-12-10-36,10/17/2017,"49,655,263.00",0
Ultra Lotto 6/58,26-43-24-35-14-57,10/20/2017,"52,510,527.00",0
Ultra Lotto 6/58,11-10-03-29-02-25,10/22/2017,"55,309,079.00",0
Ultra Lotto 6/58,08-34-02-38-30-57,10/24/2017,"57,644,065.00",0
Ultra Lotto 6/58,23-46-54-29-24-07,10/27/2017,"60,873,267.00",0
Ultra Lotto 6/58,04-21-12-47-09-42,10/29/2017,"63,897,792.00",0
Ultra Lotto 6/58,19-54-28-06-32-26,10/31/2017,"66,296,107.00",0
Ultra Lotto 6/58,46-25-58-44-41-19,11/3/2017,"69,801,348.00",0
Ultra Lotto 6/58,55-48-54-51-45-50,11/5/2017,"73,123,832.00",0
Ultra Lotto 6/58,57-04-02-38-21-44,11/7/2017,"75,927,563.00",0
Ultra Lotto 6/58,35-47-43-40-10-14,11/10/2017,"79,533,318.00",0
Ultra Lotto 6/58,12-44-14-18-31-16,11/12/2017,"83,125,200.00",0
Ultra Lotto 6/58,11-18-23-10-41-34,11/14/2017,"86,106,664.00",0
Ultra Lotto 6/58,17-12-51-26-21-08,11/17/2017,"90,031,527.00",0
Ultra Lotto 6/58,14-51-49-27-24-22,11/19/2017,"93,635,004.00",0
Ultra Lotto 6/58,22-58-54-51-10-27,11/21/2017,"96,845,032.00",0
Ultra Lotto 6/58,45-08-33-12-17-58,11/24/2017,"100,801,652.00",0
Ultra Lotto 6/58,10-52-30-41-12-06,11/26/2017,"104,836,868.00",0
Ultra Lotto 6/58,12-42-09-52-55-06,11/28/2017,"108,398,216.00",0
Ultra Lotto 6/58,03-52-30-17-08-01,12/1/2017,"113,013,024.00",0
Ultra Lotto 6/58,15-40-43-14-47-23,12/3/2017,"117,578,112.00",0
Ultra Lotto 6/58,39-57-01-20-40-22,12/5/2017,"121,795,296.00",0
Ultra Lotto 6/58,13-51-28-05-44-04,12/8/2017,"126,633,300.00",0
Ultra Lotto 6/58,45-53-22-24-47-05,12/10/2017,"131,543,388.00",0
Ultra Lotto 6/58,26-49-22-03-41-44,12/12/2017,"136,296,836.00",0
Ultra Lotto 6/58,51-39-38-43-25-02,12/15/2017,"141,572,552.00",0
Ultra Lotto 6/58,22-35-45-40-37-26,12/17/2017,"146,793,404.00",0
Ultra Lotto 6/58,13-50-08-45-07-16,12/19/2017,"151,515,956.00",0
Ultra Lotto 6/58,51-22-32-43-19-02,12/22/2017,"157,641,372.00",0
Ultra Lotto 6/58,57-37-35-05-49-36,12/24/2017,"160,850,876.00",0
Ultra Lotto 6/58,22-41-09-44-35-46,12/26/2017,"165,205,844.00",0
Ultra Lotto 6/58,15-57-01-12-24-09,12/29/2017,"171,894,552.00",0
Ultra Lotto 6/58,43-06-14-24-15-25,12/31/2017,"175,912,360.00",0
Ultra Lotto 6/58,33-39-10-26-07-32,1/2/2018,"180,473,296.00",0
Ultra Lotto 6/58,21-57-26-29-16-04,1/5/2018,"187,556,992.00",0
Ultra Lotto 6/58,56-45-39-35-42-14,1/7/2018,"193,694,784.00",0
Ultra Lotto 6/58,39-12-31-16-29-17,1/9/2018,"199,439,260.00",0
Ultra Lotto 6/58,24-10-18-40-33-01,1/12/2018,"207,009,728.00",0
Ultra Lotto 6/58,15-53-55-12-34-14,1/14/2018,"213,639,956.00",0
Ultra Lotto 6/58,01-41-31-13-29-24,1/16/2018,"219,845,372.00",0
Ultra Lotto 6/58,50-32-15-53-29-52,1/19/2018,"227,832,524.00",0
Ultra Lotto 6/58,12-40-21-44-57-28,1/21/2018,"234,720,908.00",0
Ultra Lotto 6/58,19-17-13-53-56-15,1/23/2018,"241,347,228.00",0
Ultra Lotto 6/58,07-57-51-08-53-16,1/26/2018,"249,644,180.00",0
Ultra Lotto 6/58,09-49-47-43-16-42,1/28/2018,"257,261,016.00",0
Ultra Lotto 6/58,07-10-13-15-03-55,1/30/2018,"264,810,720.00",0
Ultra Lotto 6/58,56-34-53-01-28-46,2/2/2018,"274,007,004.00",0
Ultra Lotto 6/58,48-57-13-51-02-15,2/4/2018,"282,395,352.00",0
Ultra Lotto 6/58,57-53-39-50-35-18,2/6/2018,"290,871,392.00",0
Ultra Lotto 6/58,46-07-17-01-41-34,2/9/2018,"300,925,144.00",0
Ultra Lotto 6/58,28-49-46-32-29-54,2/11/2018,"310,632,972.00",0
Ultra Lotto 6/58,33-05-38-51-52-10,2/13/2018,"320,056,960.00",0
Ultra Lotto 6/58,15-31-28-25-42-11,2/16/2018,"331,971,464.00",2
Ultra Lotto 6/58,05-20-43-25-48-35,2/18/2018,"49,500,000.00",0
Ultra Lotto 6/58,32-18-33-08-01-29,2/20/2018,"49,500,000.00",0
Ultra Lotto 6/58,17-01-08-24-39-07,2/23/2018,"49,500,000.00",0
Ultra Lotto 6/58,53-30-47-54-02-35,2/25/2018,"49,500,000.00",0
Ultra Lotto 6/58,19-17-23-06-54-27,2/27/2018,"49,500,000.00",0
Ultra Lotto 6/58,28-39-46-22-25-26,3/2/2018,"49,500,000.00",0
Ultra Lotto 6/58,58-26-11-51-43-39,3/4/2018,"49,500,000.00",0
Ultra Lotto 6/58,57-56-17-36-18-07,3/6/2018,"49,500,000.00",0
Ultra Lotto 6/58,44-06-01-53-45-27,3/9/2018,"49,500,000.00",0
Ultra Lotto 6/58,13-11-16-40-55-25,3/11/2018,"49,500,000.00",0
Ultra Lotto 6/58,49-09-30-50-33-04,3/13/2018,"49,500,000.00",0
Ultra Lotto 6/58,42-55-46-30-02-58,3/16/2018,"49,500,000.00",0
Ultra Lotto 6/58,15-39-38-13-34-51,3/18/2018,"49,500,000.00",0
Ultra Lotto 6/58,31-18-06-48-15-58,3/20/2018,"49,500,000.00",0
Ultra Lotto 6/58,16-54-41-06-29-46,3/23/2018,"49,500,000.00",0
Ultra Lotto 6/58,49-25-01-22-34-08,3/25/2018,"49,500,000.00",0
Ultra Lotto 6/58,21-38-24-16-22-50,3/27/2018,"49,500,000.00",0
Ultra Lotto 6/58,14-46-17-05-06-26,4/3/2018,"50,297,077.00",0
Ultra Lotto 6/58,18-48-36-07-20-16,4/6/2018,"53,421,169.00",0
Ultra Lotto 6/58,14-25-35-31-48-08,4/8/2018,"56,344,330.00",0
Ultra Lotto 6/58,31-15-30-13-53-04,4/10/2018,"58,876,540.00",0
Ultra Lotto 6/58,47-20-08-15-34-50,4/13/2018,"62,306,981.00",0
Ultra Lotto 6/58,24-37-15-53-05-49,4/15/2018,"65,380,254.00",0
Ultra Lotto 6/58,15-18-27-40-37-42,4/17/2018,"67,994,400.00",0
Ultra Lotto 6/58,53-04-45-30-12-29,4/20/2018,"71,388,699.00",0
Ultra Lotto 6/58,24-18-37-11-02-51,4/22/2018,"74,480,381.00",0
Ultra Lotto 6/58,04-54-51-55-30-06,4/24/2018,"77,114,934.00",0
Ultra Lotto 6/58,11-03-30-37-38-41,4/27/2018,"80,558,154.00",0
Ultra Lotto 6/58,58-15-37-46-01-44,4/29/2018,"83,695,951.00",0
Ultra Lotto 6/58,48-28-51-15-39-42,5/1/2018,"86,323,181.00",0
Ultra Lotto 6/58,11-15-56-38-53-45,5/4/2018,"89,830,023.00",0
Ultra Lotto 6/58,07-34-51-06-10-21,5/6/2018,"93,059,561.00",0
Ultra Lotto 6/58,19-27-07-46-18-53,5/8/2018,"95,877,129.00",0
Ultra Lotto 6/58,51-31-22-19-02-32,5/11/2018,"99,542,140.00",0
Ultra Lotto 6/58,46-11-21-24-19-57,5/13/2018,"103,138,604.00",0
Ultra Lotto 6/58,32-15-23-10-18-22,5/15/2018,"106,590,252.00",0
Ultra Lotto 6/58,25-26-36-03-33-56,5/18/2018,"111,122,872.00",0
Ultra Lotto 6/58,09-23-07-37-32-40,5/20/2018,"115,266,992.00",0
Ultra Lotto 6/58,32-57-01-49-09-19,5/22/2018,"119,378,952.00",0
Ultra Lotto 6/58,34-14-19-22-10-43,5/25/2018,"124,321,564.00",0
Ultra Lotto 6/58,34-45-14-40-01-13,5/27/2018,"128,900,984.00",0
Ultra Lotto 6/58,25-49-10-37-26-06,5/29/2018,"133,174,580.00",0
Ultra Lotto 6/58,26-08-43-22-27-12,6/1/2018,"138,783,220.00",0
Ultra Lotto 6/58,01-53-27-11-43-18,6/3/2018,"143,924,112.00",0
Ultra Lotto 6/58,44-35-39-34-03-50,6/5/2018,"148,609,676.00",0
Ultra Lotto 6/58,49-31-39-05-41-43,6/8/2018,"154,272,556.00",0
Ultra Lotto 6/58,54-22-17-08-48-05,6/10/2018,"159,440,596.00",0
Ultra Lotto 6/58,48-18-57-09-28-53,6/12/2018,"164,144,492.00",0
Ultra Lotto 6/58,07-56-37-17-49-11,6/15/2018,"170,217,528.00",0
Ultra Lotto 6/58,46-01-05-11-07-21,6/17/2018,"176,027,440.00",0
Ultra Lotto 6/58,49-57-52-28-03-06,6/19/2018,"181,477,292.00",0
Ultra Lotto 6/58,03-22-52-50-47-44,6/22/2018,"187,796,520.00",0
Ultra Lotto 6/58,17-24-10-58-25-11,6/24/2018,"193,938,284.00",0
Ultra Lotto 6/58,55-34-16-31-40-23,6/26/2018,"199,715,276.00",0
Ultra Lotto 6/58,01-19-13-29-51-04,6/29/2018,"207,237,172.00",0
Ultra Lotto 6/58,31-24-45-19-34-52,7/1/2018,"214,636,668.00",0
Ultra Lotto 6/58,07-57-50-01-10-02,7/3/2018,"221,446,600.00",0
Ultra Lotto 6/58,56-26-04-51-49-18,7/6/2018,"229,442,300.00",0
Ultra Lotto 6/58,35-17-28-33-22-25,7/8/2018,"236,748,668.00",0
Ultra Lotto 6/58,47-15-48-03-35-56,7/10/2018,"243,951,112.00",0
Ultra Lotto 6/58,02-51-32-47-17-24,7/13/2018,"252,096,984.00",0
Ultra Lotto 6/58,55-29-31-57-14-20,7/15/2018,"259,793,448.00",0
Ultra Lotto 6/58,22-03-57-58-54-14,7/17/2018,"266,418,692.00",0
Ultra Lotto 6/58,24-06-55-03-28-27,7/20/2018,"274,982,724.00",0
Ultra Lotto 6/58,45-50-34-02-43-11,7/22/2018,"282,442,304.00",0
Ultra Lotto 6/58,51-37-40-07-29-05,7/24/2018,"289,617,284.00",0
Ultra Lotto 6/58,43-24-06-25-28-40,7/27/2018,"298,136,492.00",0
Ultra Lotto 6/58,39-09-56-26-29-34,7/29/2018,"306,110,404.00",0
Ultra Lotto 6/58,14-03-51-32-21-48,7/31/2018,"314,131,888.00",0
Ultra Lotto 6/58,53-26-15-45-46-03,8/3/2018,"324,670,212.00",0
Ultra Lotto 6/58,47-16-29-51-18-54,8/5/2018,"334,328,944.00",0
Ultra Lotto 6/58,31-07-34-14-39-50,8/7/2018,"343,538,300.00",0
Ultra Lotto 6/58,38-35-37-15-56-45,8/10/2018,"354,665,384.00",0
Ultra Lotto 6/58,01-13-42-24-53-56,8/12/2018,"363,917,684.00",0
Ultra Lotto 6/58,16-43-31-44-18-37,8/14/2018,"373,545,444.00",0
Ultra Lotto 6/58,43-19-36-17-07-44,8/17/2018,"385,209,020.00",0
Ultra Lotto 6/58,16-17-15-05-23-54,8/19/2018,"395,659,120.00",0
Ultra Lotto 6/58,53-10-52-19-08-58,8/21/2018,"406,162,932.00",0
Ultra Lotto 6/58,04-27-49-16-47-41,8/24/2018,"420,202,552.00",0
Ultra Lotto 6/58,43-54-39-14-46-36,8/26/2018,"432,811,540.00",0
Ultra Lotto 6/58,28-29-08-40-33-04,8/28/2018,"446,795,172.00",0
Ultra Lotto 6/58,03-30-38-19-54-07,8/31/2018,"467,068,348.00",0
Ultra Lotto 6/58,41-51-28-30-54-24,9/2/2018,"485,363,060.00",0
Ultra Lotto 6/58,07-08-41-25-13-30,9/4/2018,"503,330,392.00",0
Ultra Lotto 6/58,17-06-55-54-20-27,9/7/2018,"528,487,576.00",0
Ultra Lotto 6/58,24-35-56-38-28-42,9/9/2018,"551,720,748.00",0
Ultra Lotto 6/58,33-30-03-43-18-19,9/11/2018,"574,579,336.00",0
Ultra Lotto 6/58,52-32-55-17-07-40,9/14/2018,"601,502,936.00",0
Ultra Lotto 6/58,34-15-39-53-36-43,9/16/2018,"625,503,012.00",0
Ultra Lotto 6/58,04-35-50-08-47-44,9/18/2018,"650,886,268.00",0
Ultra Lotto 6/58,06-47-41-55-28-10,9/21/2018,"679,409,304.00",0
Ultra Lotto 6/58,58-08-34-29-35-38,9/23/2018,"704,720,320.00",0
Ultra Lotto 6/58,50-21-51-19-53-48,9/25/2018,"734,038,468.00",0
Ultra Lotto 6/58,46-25-55-26-50-57,9/28/2018,"774,030,800.00",0
Ultra Lotto 6/58,34-30-32-20-03-23,9/30/2018,"809,365,820.00",0
Ultra Lotto 6/58,30-41-53-04-02-54,10/2/2018,"849,578,320.00",0
Ultra Lotto 6/58,01-30-27-36-49-12,10/5/2018,"903,290,152.00",0
Ultra Lotto 6/58,45-21-02-30-07-10,10/7/2018,"954,503,164.00",0
Ultra Lotto 6/58,12-16-46-03-38-36,10/9/2018,"1,026,264,340.00",0
Ultra Lotto 6/58,28-14-54-50-17-27,10/12/2018,"1,112,647,388.00",0
Ultra Lotto 6/58,40-50-37-25-01-45,10/14/2018,"1,180,622,508.00",2
Ultra Lotto 6/58,33-23-07-46-22-20,10/16/2018,"49,500,000.00",0
Ultra Lotto 6/58,03-25-22-55-33-41,10/19/2018,"49,500,000.00",0
Ultra Lotto 6/58,14-16-52-53-20-11,10/21/2018,"49,500,000.00",0
Ultra Lotto 6/58,07-26-43-08-53-06,10/23/2018,"49,500,000.00",0
Ultra Lotto 6/58,38-15-04-03-41-50,10/26/2018,"49,500,000.00",0
Ultra Lotto 6/58,08-34-45-20-36-16,10/28/2018,"49,500,000.00",0
Ultra Lotto 6/58,22-06-48-10-49-11,10/30/2018,"49,500,000.00",0
Ultra Lotto 6/58,27-05-54-25-44-16,11/2/2018,"49,500,000.00",0
Ultra Lotto 6/58,35-42-06-53-03-17,11/4/2018,"49,500,000.00",0
Ultra Lotto 6/58,43-58-21-54-23-22,11/6/2018,"49,500,000.00",0
Ultra Lotto 6/58,36-56-49-34-42-45,11/9/2018,"49,500,000.00",0
Ultra Lotto 6/58,51-46-24-55-17-27,11/11/2018,"49,500,000.00",0
Ultra Lotto 6/58,23-14-18-16-30-37,11/13/2018,"49,500,000.00",0
Ultra Lotto 6/58,13-12-01-41-21-45,11/16/2018,"49,500,000.00",1
Ultra Lotto 6/58,37-39-05-35-41-12,11/18/2018,"49,500,000.00",0
Ultra Lotto 6/58,21-44-28-55-16-29,11/20/2018,"49,500,000.00",0
Ultra Lotto 6/58,36-25-06-18-54-26,11/23/2018,"49,500,000.00",0
Ultra Lotto 6/58,30-39-48-11-13-26,11/25/2018,"49,500,000.00",0
Ultra Lotto 6/58,10-06-56-15-25-34,11/27/2018,"49,500,000.00",0
Ultra Lotto 6/58,50-14-21-22-20-24,11/30/2018,"49,500,000.00",0
Ultra Lotto 6/58,31-14-37-53-07-36,12/2/2018,"49,500,000.00",0
Ultra Lotto 6/58,07-01-25-13-11-38,12/4/2018,"49,500,000.00",0
Ultra Lotto 6/58,17-37-11-08-52-48,12/7/2018,"49,500,000.00",0
Ultra Lotto 6/58,51-21-12-36-55-30,12/9/2018,"49,500,000.00",0
Ultra Lotto 6/58,17-13-38-04-24-39,12/11/2018,"49,500,000.00",0
Ultra Lotto 6/58,25-56-42-26-31-49,12/14/2018,"49,500,000.00",0
Ultra Lotto 6/58,52-45-18-01-49-36,12/16/2018,"49,500,000.00",0
Ultra Lotto 6/58,36-35-47-38-13-06,12/18/2018,"49,500,000.00",0
Ultra Lotto 6/58,32-09-29-26-20-56,12/21/2018,"49,500,000.00",0
Ultra Lotto 6/58,35-25-48-24-38-39,12/23/2018,"49,500,000.00",0
Ultra Lotto 6/58,03-37-51-14-46-06,12/28/2018,"49,500,000.00",0
Ultra Lotto 6/58,01-09-50-56-51-28,12/30/2018,"49,500,000.00",0
Ultra Lotto 6/58,37-22-05-32-13-17,1/4/2019,"49,500,000.00",0
Ultra Lotto 6/58,52-45-24-05-14-44,1/6/2019,"51,083,577.00",0
Ultra Lotto 6/58,45-50-30-35-49-52,1/8/2019,"53,162,339.00",0
Ultra Lotto 6/58,07-21-23-39-25-18,1/11/2019,"55,805,699.00",0
Ultra Lotto 6/58,43-55-15-02-29-56,1/13/2019,"58,472,458.00",1
Ultra Lotto 6/58,18-21-54-03-23-47,1/15/2019,"49,500,000.00",0
Ultra Lotto 6/58,29-12-39-42-34-08,1/18/2019,"49,500,000.00",1
Ultra Lotto 6/58,42-06-39-45-05-11,1/20/2019,"49,500,000.00",0
Ultra Lotto 6/58,24-21-15-56-07-37,1/22/2019,"49,500,000.00",0
Ultra Lotto 6/58,27-15-34-20-22-18,1/25/2019,"49,500,000.00",0
Ultra Lotto 6/58,44-53-39-43-38-07,1/27/2019,"49,500,000.00",0
Ultra Lotto 6/58,22-30-23-52-14-38,1/29/2019,"49,500,000.00",0
Ultra Lotto 6/58,28-40-25-54-52-36,2/1/2019,"49,500,000.00",0
Ultra Lotto 6/58,15-10-57-27-09-28,2/3/2019,"49,500,000.00",0
Ultra Lotto 6/58,43-19-33-11-13-48,2/5/2019,"49,500,000.00",0
Ultra Lotto 6/58,21-28-57-39-19-20,2/8/2019,"49,500,000.00",0
Ultra Lotto 6/58,12-52-45-25-03-28,2/10/2019,"49,500,000.00",0
Ultra Lotto 6/58,25-53-45-08-29-26,2/12/2019,"49,500,000.00",0
Ultra Lotto 6/58,48-56-12-10-55-42,2/15/2019,"49,500,000.00",0
Ultra Lotto 6/58,31-33-05-10-32-43,2/17/2019,"49,500,000.00",0
Ultra Lotto 6/58,55-31-42-33-11-47,2/19/2019,"49,500,000.00",0
Ultra Lotto 6/58,20-51-06-10-11-16,2/22/2019,"49,500,000.00",0
Ultra Lotto 6/58,16-06-07-09-05-45,2/24/2019,"49,500,000.00",1
Ultra Lotto 6/58,42-10-21-25-04-08,2/26/2019,"49,500,000.00",0
Ultra Lotto 6/58,41-42-54-03-08-25,3/1/2019,"49,500,000.00",0
Ultra Lotto 6/58,11-46-12-20-36-22,3/3/2019,"49,500,000.00",0
Ultra Lotto 6/58,56-13-25-46-11-39,3/5/2019,"49,500,000.00",0
Ultra Lotto 6/58,25-45-03-30-24-48,3/8/2019,"49,500,000.00",0
Ultra Lotto 6/58,24-52-25-15-41-08,3/10/2019,"49,500,000.00",0
Ultra Lotto 6/58,03-27-37-35-30-08,3/12/2019,"49,500,000.00",0
Ultra Lotto 6/58,24-47-05-02-16-01,3/15/2019,"49,500,000.00",0
Ultra Lotto 6/58,38-31-30-15-05-13,3/17/2019,"49,500,000.00",0
Ultra Lotto 6/58,18-04-47-39-16-22,3/19/2019,"49,500,000.00",0
Ultra Lotto 6/58,23-45-13-56-39-57,3/22/2019,"49,500,000.00",0
Ultra Lotto 6/58,20-41-16-07-05-45,3/24/2019,"49,500,000.00",0
Ultra Lotto 6/58,09-51-55-53-32-54,3/26/2019,"49,500,000.00",0
Ultra Lotto 6/58,02-48-28-37-20-39,3/29/2019,"49,500,000.00",0
Ultra Lotto 6/58,13-17-35-38-18-43,3/31/2019,"49,500,000.00",0
Ultra Lotto 6/58,17-34-38-33-26-09,4/2/2019,"49,500,000.00",0
Ultra Lotto 6/58,06-49-51-29-41-10,4/5/2019,"49,500,000.00",0
Ultra Lotto 6/58,13-01-24-12-23-45,4/7/2019,"49,500,000.00",0
Ultra Lotto 6/58,23-39-51-19-10-40,4/9/2019,"49,500,000.00",0
Ultra Lotto 6/58,44-10-40-04-19-26,4/12/2019,"49,500,000.00",0
Ultra Lotto 6/58,18-13-28-23-19-14,4/14/2019,"50,739,920.40",0
Ultra Lotto 6/58,36-25-26-17-30-13,4/16/2019,"52,455,936.60",0
Ultra Lotto 6/58,29-43-35-28-24-45,4/23/2019,"54,219,732.40",0
Ultra Lotto 6/58,30-17-11-53-51-48,4/26/2019,"56,662,363.80",0
Ultra Lotto 6/58,12-07-33-08-14-50,4/28/2019,"58,720,769.80",0
Ultra Lotto 6/58,22-06-10-49-33-11,4/30/2019,"60,410,489.20",0
Ultra Lotto 6/58,32-40-54-22-05-34,5/3/2019,"63,221,964.60",0
Ultra Lotto 6/58,16-21-47-14-46-44,5/5/2019,"65,348,933.60",0
Ultra Lotto 6/58,22-46-26-36-30-10,5/7/2019,"67,104,702.20",0
Ultra Lotto 6/58,09-49-18-50-27-06,5/10/2019,"69,989,908.00",0
Ultra Lotto 6/58,06-17-04-26-08-15,5/12/2019,"72,169,131.40",1
Ultra Lotto 6/58,42-13-37-22-34-45,5/14/2019,"49,500,000.00",0
Ultra Lotto 6/58,21-19-36-09-20-07,5/17/2019,"49,500,000.00",0
Ultra Lotto 6/58,57-48-41-20-53-55,5/19/2019,"49,500,000.00",0
Ultra Lotto 6/58,19-09-35-24-20-07,5/21/2019,"49,500,000.00",0
Ultra Lotto 6/58,34-18-17-57-04-20,5/24/2019,"49,500,000.00",0
Ultra Lotto 6/58,46-28-04-05-45-09,5/26/2019,"49,500,000.00",0
Ultra Lotto 6/58,18-16-45-27-17-44,5/28/2019,"49,500,000.00",0
Ultra Lotto 6/58,33-04-38-35-56-47,5/31/2019,"49,500,000.00",0
Ultra Lotto 6/58,54-05-13-56-28-37,6/2/2019,"49,500,000.00",0
Ultra Lotto 6/58,50-03-54-07-26-29,6/4/2019,"49,500,000.00",0
Ultra Lotto 6/58,35-24-32-02-56-30,6/7/2019,"49,500,000.00",0
Ultra Lotto 6/58,23-45-34-52-16-31,6/9/2019,"49,500,000.00",0
Ultra Lotto 6/58,53-40-48-21-13-57,6/11/2019,"49,500,000.00",0
Ultra Lotto 6/58,04-27-57-46-13-07,6/14/2019,"49,500,000.00",0
Ultra Lotto 6/58,58-33-46-24-25-37,6/16/2019,"49,500,000.00",0
Ultra Lotto 6/58,18-05-43-11-58-44,6/18/2019,"49,500,000.00",0
Ultra Lotto 6/58,56-52-43-06-53-25,6/21/2019,"49,500,000.00",0
Ultra Lotto 6/58,43-36-07-24-41-55,6/23/2019,"49,500,000.00",0
Ultra Lotto 6/58,36-49-27-55-32-33,6/25/2019,"49,500,000.00",0
Ultra Lotto 6/58,10-04-52-18-37-16,6/28/2019,"49,500,000.00",0
Ultra Lotto 6/58,06-23-15-55-21-16,6/30/2019,"49,500,000.00",0
Ultra Lotto 6/58,57-38-19-35-23-04,7/2/2019,"50,840,684.00",0
Ultra Lotto 6/58,40-14-12-52-16-18,7/5/2019,"53,190,707.40",0
Ultra Lotto 6/58,07-11-04-51-10-53,7/7/2019,"56,052,581.80",0
Ultra Lotto 6/58,09-29-53-47-19-27,7/9/2019,"58,449,488.40",0
Ultra Lotto 6/58,19-16-20-27-03-32,7/12/2019,"60,915,031.80",0
Ultra Lotto 6/58,20-18-54-47-39-42,7/14/2019,"63,694,691.60",0
Ultra Lotto 6/58,53-24-58-55-18-21,7/16/2019,"66,009,300.00",0
Ultra Lotto 6/58,47-31-12-22-32-23,7/19/2019,"69,367,907.00",0
Ultra Lotto 6/58,06-17-16-03-26-34,7/21/2019,"72,334,120.60",0
Ultra Lotto 6/58,26-08-20-31-17-14,7/23/2019,"74,947,537.80",0
Ultra Lotto 6/58,19-31-46-50-55-11,7/26/2019,"78,631,885.80",0
Ultra Lotto 6/58,53-56-03-34-46-52,7/28/2019,"78,768,843.20",0
Ultra Lotto 6/58,03-16-08-02-53-10,7/30/2019,"78,823,541.00",0
Ultra Lotto 6/58,41-11-17-45-34-37,8/2/2019,"82,260,852.20",0
Ultra Lotto 6/58,01-12-43-05-41-02,8/4/2019,"85,687,251.40",0
Ultra Lotto 6/58,29-09-08-55-07-24,8/6/2019,"88,604,433.60",0
Ultra Lotto 6/58,29-20-11-44-09-26,8/9/2019,"91,494,191.40",0
Ultra Lotto 6/58,46-05-32-31-12-27,8/11/2019,"95,142,867.80",0
Ultra Lotto 6/58,51-16-10-02-04-32,8/13/2019,"98,276,940.40",0
Ultra Lotto 6/58,52-50-51-14-37-54,8/16/2019,"102,822,514.40",0
Ultra Lotto 6/58,56-42-52-27-38-22,8/18/2019,"107,247,950.80",0
Ultra Lotto 6/58,12-47-09-06-20-35,8/20/2019,"111,451,917.60",0
Ultra Lotto 6/58,45-22-16-56-43-19,8/23/2019,"116,787,093.60",0
Ultra Lotto 6/58,43-13-10-09-15-17,8/25/2019,"121,317,461.20",0
Ultra Lotto 6/58,39-57-47-18-41-31,8/27/2019,"125,834,153.60",0
Ultra Lotto 6/58,54-14-15-35-55-34,8/30/2019,"131,752,290.00",0
Ultra Lotto 6/58,40-27-54-38-30-24,9/1/2019,"137,220,794.80",0
Ultra Lotto 6/58,43-49-14-55-44-33,9/3/2019,"142,529,940.40",0
Ultra Lotto 6/58,43-57-50-12-49-19,9/6/2019,"148,951,507.20",0
Ultra Lotto 6/58,56-53-49-40-20-07,9/8/2019,"154,617,734.80",0
Ultra Lotto 6/58,30-13-09-11-47-01,9/10/2019,"160,077,065.60",0
Ultra Lotto 6/58,44-49-42-18-20-04,9/13/2019,"166,545,369.20",0
Ultra Lotto 6/58,08-34-55-31-01-11,9/15/2019,"172,524,155.20",0
Ultra Lotto 6/58,21-26-38-10-19-36,9/17/2019,"178,200,885.60",0
Ultra Lotto 6/58,58-05-01-14-09-36,9/20/2019,"184,807,789.20",0
Ultra Lotto 6/58,10-05-02-24-49-58,9/22/2019,"191,018,692.80",0
Ultra Lotto 6/58,15-39-10-05-21-55,9/24/2019,"196,855,952.80",0
Ultra Lotto 6/58,47-56-46-58-54-37,9/27/2019,"203,684,158.80",0
Ultra Lotto 6/58,08-24-37-23-26-40,9/29/2019,"210,228,705.60",0
Ultra Lotto 6/58,09-02-35-11-52-06,10/1/2019,"216,453,794.80",0
Ultra Lotto 6/58,22-52-08-45-02-41,10/4/2019,"223,732,829.20",0
Ultra Lotto 6/58,23-11-12-42-08-45,10/6/2019,"230,753,007.20",0
Ultra Lotto 6/58,40-52-14-45-21-38,10/8/2019,"237,378,901.20",0
Ultra Lotto 6/58,55-16-17-09-52-20,10/11/2019,"244,927,422.40",1
Ultra Lotto 6/58,13-31-17-22-35-36,10/13/2019,"49,500,000.00",0
Ultra Lotto 6/58,13-23-09-58-38-14,10/15/2019,"49,500,000.00",0
Ultra Lotto 6/58,55-37-11-21-18-45,10/18/2019,"49,500,000.00",0
Ultra Lotto 6/58,45-43-02-47-13-58,10/20/2019,"49,500,000.00",0
Ultra Lotto 6/58,14-25-54-45-35-36,10/22/2019,"49,500,000.00",0
Ultra Lotto 6/58,34-44-13-30-29-54,10/25/2019,"49,500,000.00",0
Ultra Lotto 6/58,34-44-13-30-29-54,10/25/2019,"49,500,000.00",0
Ultra Lotto 6/58,06-03-39-38-43-34,10/27/2019,"49,500,000.00",0
Ultra Lotto 6/58,02-37-50-26-22-10,10/29/2019,"49,500,000.00",0
Ultra Lotto 6/58,10-18-14-23-03-54,11/1/2019,"49,500,000.00",0
Ultra Lotto 6/58,37-13-31-22-28-16,11/3/2019,"49,500,000.00",0
Ultra Lotto 6/58,11-49-32-08-45-52,11/5/2019,"49,500,000.00",0
Ultra Lotto 6/58,54-31-08-22-52-32,11/8/2019,"49,500,000.00",0
Ultra Lotto 6/58,22-07-33-54-13-15,11/10/2019,"49,500,000.00",0
Ultra Lotto 6/58,11-43-53-28-15-49,11/12/2019,"49,500,000.00",0
Ultra Lotto 6/58,56-21-19-32-39-41,11/15/2019,"49,500,000.00",0
Ultra Lotto 6/58,15-55-02-12-35-14,11/17/2019,"49,500,000.00",0
Ultra Lotto 6/58,15-55-17-01-06-20,11/19/2019,"49,500,000.00",0
Ultra Lotto 6/58,01-02-25-32-31-50,11/22/2019,"49,500,000.00",0
Ultra Lotto 6/58,41-28-27-44-14-57,11/24/2019,"49,500,000.00",0
Ultra Lotto 6/58,58-46-45-52-25-54,11/26/2019,"50,142,173.60",0
Ultra Lotto 6/58,19-36-26-21-27-08,11/29/2019,"52,979,040.60",0
Ultra Lotto 6/58,55-44-05-16-15-54,12/1/2019,"55,515,935.00",0
Ultra Lotto 6/58,39-46-55-02-52-44,12/3/2019,"57,051,128.80",0
Ultra Lotto 6/58,11-41-55-58-10-17,12/6/2019,"60,074,267.60",0
Ultra Lotto 6/58,45-36-19-55-03-32,12/8/2019,"63,071,826.60",0
Ultra Lotto 6/58,34-30-35-09-18-21,12/10/2019,"65,841,720.60",0
Ultra Lotto 6/58,08-37-22-01-31-55,12/13/2019,"69,070,421.80",0
Ultra Lotto 6/58,01-45-44-46-10-05,12/15/2019,"72,282,109.60",0
Ultra Lotto 6/58,54-49-35-40-37-05,12/17/2019,"75,414,274.00",0
Ultra Lotto 6/58,41-09-15-19-58-44,12/20/2019,"78,982,007.60",0
Ultra Lotto 6/58,55-25-17-57-11-50,12/22/2019,"82,566,391.00",0
Ultra Lotto 6/58,36-37-51-14-04-15,12/24/2019,"84,504,553.40",0
Ultra Lotto 6/58,08-56-18-37-58-23,12/27/2019,"88,299,709.60",0
Ultra Lotto 6/58,27-28-40-45-43-14,12/29/2019,"92,224,548.20",0
Ultra Lotto 6/58,28-21-14-52-46-29,12/31/2019,"94,535,594.40",0
Ultra Lotto 6/58,50-18-51-38-57-30,1/3/2020,"98,649,191.20",0
Ultra Lotto 6/58,24-19-40-53-09-07,1/5/2020,"102,953,273.60",0
Ultra Lotto 6/58,54-46-02-41-47-03,1/7/2020,"106,935,555.20",0
Ultra Lotto 6/58,22-16-32-20-51-09,1/10/2020,"111,662,963.60",0
Ultra Lotto 6/58,43-35-38-13-23-22,1/12/2020,"116,362,467.20",0
Ultra Lotto 6/58,09-04-21-34-15-37,1/14/2020,"120,725,230.00",0
Ultra Lotto 6/58,14-11-21-09-16-17,1/17/2020,"126,396,882.80",0
Ultra Lotto 6/58,10-01-39-05-28-15,1/19/2020,"131,522,940.00",0
Ultra Lotto 6/58,27-50-42-52-15-34,1/21/2020,"136,641,376.40",0
Ultra Lotto 6/58,38-34-30-06-44-21,1/24/2020,"142,552,296.80",0
Ultra Lotto 6/58,01-03-29-41-24-48,1/26/2020,"147,965,181.20",0
Ultra Lotto 6/58,26-51-36-37-41-57,1/28/2020,"153,166,069.20",0
Ultra Lotto 6/58,55-18-01-16-52-03,1/31/2020,"159,481,926.00",0
Ultra Lotto 6/58,02-41-09-06-55-24,2/2/2020,"165,464,487.20",0
Ultra Lotto 6/58,22-49-42-20-40-05,2/4/2020,"170,977,603.60",0
Ultra Lotto 6/58,22-16-29-26-19-39,2/7/2020,"177,383,290.80",0
Ultra Lotto 6/58,14-07-43-54-42-31,2/9/2020,"183,496,686.00",0
Ultra Lotto 6/58,38-34-23-50-58-33,2/11/2020,"189,403,329.60",0
Ultra Lotto 6/58,41-55-14-46-04-10,2/14/2020,"196,257,970.80",0
Ultra Lotto 6/58,55-17-33-38-45-30,2/16/2020,"203,337,372.80",0
Ultra Lotto 6/58,47-23-31-56-42-01,2/18/2020,"210,804,098.00",0
Ultra Lotto 6/58,41-43-14-35-52-50,2/21/2020,"219,334,224.00",0
Ultra Lotto 6/58,17-54-22-11-45-26,2/23/2020,"227,359,058.40",0
Ultra Lotto 6/58,46-14-25-29-57-45,2/25/2020,"235,004,080.40",0
Ultra Lotto 6/58,46-56-55-52-14-37,2/28/2020,"244,041,887.20",0
Ultra Lotto 6/58,40-14-41-20-52-36,3/1/2020,"252,664,690.40",0
Ultra Lotto 6/58,47-11-32-45-34-29,3/3/2020,"260,843,771.20",0
Ultra Lotto 6/58,26-53-10-24-49-12,3/6/2020,"270,372,446.40",0
Ultra Lotto 6/58,09-38-17-54-16-53,3/8/2020,"278,998,012.80",0
Ultra Lotto 6/58,57-30-07-29-40-13,3/10/2020,"287,110,354.40",0
Ultra Lotto 6/58,45-08-49-04-07-13,3/13/2020,"295,860,876.40",0
Ultra Lotto 6/58,52-12-43-08-25-26,3/15/2020,"302,964,135.20",0
Ultra Lotto 6/58,43-15-21-17-27-54,3/17/2020,"304,860,671.60",0
Ultra Lotto 6/58,36-30-01-33-28-21,3/20/2020,"305,038,541.60",0
Ultra Lotto 6/58,44-35-09-56-19-32,3/22/2020,"305,129,683.20",0
Ultra Lotto 6/58,23-55-15-10-27-43,3/24/2020,"305,164,170.40",0
Ultra Lotto 6/58,39-51-15-06-48-41,3/27/2020,"305,180,270.00",0
Ultra Lotto 6/58,49-38-57-29-19-23,3/29/2020,"305,185,844.80",0
Ultra Lotto 6/58,50-41-56-01-08-13,8/7/2020,"305,493,470.80",0
Ultra Lotto 6/58,13-10-55-48-12-06,8/9/2020,"306,044,298.00",0
Ultra Lotto 6/58,06-02-49-40-33-23,8/11/2020,"306,851,359.20",0
Ultra Lotto 6/58,01-02-56-08-17-40,8/14/2020,"308,201,222.00",0
Ultra Lotto 6/58,22-51-32-18-33-26,8/16/2020,"309,397,128.80",0
Ultra Lotto 6/58,08-41-50-18-34-09,8/18/2020,"310,754,880.80",0
Ultra Lotto 6/58,28-39-02-24-17-16,8/21/2020,"313,421,879.20",0
Ultra Lotto 6/58,15-40-07-03-13-09,8/23/2020,"316,031,338.80",0
Ultra Lotto 6/58,02-51-20-16-19-56,8/25/2020,"318,901,480.80",0
Ultra Lotto 6/58,14-10-05-13-56-53,8/28/2020,"322,816,332.40",0
Ultra Lotto 6/58,02-01-26-14-28-46,8/30/2020,"326,405,174.80",0
Ultra Lotto 6/58,49-38-23-12-20-56,9/1/2020,"330,043,781.20",0
Ultra Lotto 6/58,26-46-04-48-08-44,9/4/2020,"334,815,352.40",0
Ultra Lotto 6/58,18-19-28-09-01-11,9/6/2020,"339,217,037.60",1
Ultra Lotto 6/58,25-11-51-46-42-45,9/8/2020,"49,500,000.00",0
Ultra Lotto 6/58,20-36-38-42-58-47,9/11/2020,"49,500,000.00",0
Ultra Lotto 6/58,18-03-25-37-27-52,9/13/2020,"49,500,000.00",0
Ultra Lotto 6/58,21-02-10-38-14-19,9/15/2020,"49,500,000.00",0
Ultra Lotto 6/58,50-29-56-57-03-47,9/18/2020,"49,500,000.00",0
Ultra Lotto 6/58,36-51-47-24-53-15,9/20/2020,"49,500,000.00",0
Ultra Lotto 6/58,22-28-55-09-57-32,9/22/2020,"49,500,000.00",0
Ultra Lotto 6/58,40-24-36-14-10-16,9/25/2020,"49,500,000.00",0
Ultra Lotto 6/58,52-45-54-41-18-35,9/27/2020,"49,500,000.00",0
Ultra Lotto 6/58,39-32-41-50-13-08,9/29/2020,"49,500,000.00",0
Ultra Lotto 6/58,01-49-34-19-06-27,10/2/2020,"49,500,000.00",0
Ultra Lotto 6/58,51-46-14-07-38-16,10/4/2020,"49,500,000.00",0
Ultra Lotto 6/58,20-04-18-29-14-44,10/6/2020,"49,500,000.00",0
Ultra Lotto 6/58,42-03-31-01-22-51,10/9/2020,"49,500,000.00",0
Ultra Lotto 6/58,54-11-38-19-32-21,10/11/2020,"49,500,000.00",0
Ultra Lotto 6/58,38-55-45-49-20-26,10/13/2020,"49,500,000.00",0
Ultra Lotto 6/58,36-07-03-40-58-38,10/16/2020,"49,500,000.00",0
Ultra Lotto 6/58,33-13-39-10-01-05,10/18/2020,"49,500,000.00",0
Ultra Lotto 6/58,07-33-34-51-04-16,10/20/2020,"49,500,000.00",0
Ultra Lotto 6/58,37-49-19-51-04-54,10/23/2020,"49,500,000.00",0
Ultra Lotto 6/58,01-14-47-30-57-39,10/25/2020,"49,500,000.00",0
Ultra Lotto 6/58,52-55-56-20-57-45,10/27/2020,"49,500,000.00",0
Ultra Lotto 6/58,01-02-38-24-11-06,10/30/2020,"50,207,914.40",0
Ultra Lotto 6/58,09-43-17-25-19-47,11/1/2020,"51,527,982.80",0
Ultra Lotto 6/58,42-17-53-05-55-43,11/3/2020,"53,376,011.40",0
Ultra Lotto 6/58,48-21-44-04-41-16,11/6/2020,"55,780,897.80",0
Ultra Lotto 6/58,36-33-05-34-35-42,11/8/2020,"58,035,977.80",0
Ultra Lotto 6/58,13-27-41-04-37-40,11/10/2020,"60,046,671.60",0
Ultra Lotto 6/58,02-27-34-15-38-52,11/13/2020,"62,314,871.40",0
Ultra Lotto 6/58,39-05-08-26-50-10,11/15/2020,"64,678,537.60",0
Ultra Lotto 6/58,04-30-22-06-17-40,11/17/2020,"66,812,537.20",0
Ultra Lotto 6/58,11-32-09-55-01-41,11/20/2020,"69,405,695.00",0
Ultra Lotto 6/58,53-12-38-55-07-02,11/22/2020,"72,011,414.40",0
Ultra Lotto 6/58,25-07-47-34-05-40,11/24/2020,"74,333,010.40",0
Ultra Lotto 6/58,30-35-52-12-23-47,11/27/2020,"77,029,252.20",0
Ultra Lotto 6/58,50-57-17-41-11-42,11/29/2020,"79,754,553.40",0
Ultra Lotto 6/58,49-52-40-48-43-54,12/1/2020,"82,217,505.80",0
Ultra Lotto 6/58,02-29-35-43-26-18,12/4/2020,"85,212,111.60",0
Ultra Lotto 6/58,19-09-52-55-31-54,12/6/2020,"88,190,060.80",0
Ultra Lotto 6/58,20-26-22-49-51-07,12/8/2020,"91,440,869.00",0
Ultra Lotto 6/58,18-13-16-01-17-31,12/11/2020,"94,821,792.20",0
Ultra Lotto 6/58,55-15-03-35-07-24,12/13/2020,"98,786,474.60",0
Ultra Lotto 6/58,33-47-55-32-03-57,12/15/2020,"102,563,530.40",0
Ultra Lotto 6/58,08-49-52-42-31-55,12/18/2020,"107,642,542.80",0
Ultra Lotto 6/58,34-38-46-22-48-52,12/20/2020,"112,604,607.60",0
Ultra Lotto 6/58,09-45-51-15-42-36,12/22/2020,"117,488,832.00",0
Ultra Lotto 6/58,21-57-33-32-39-49,12/27/2020,"122,730,138.40",0
Ultra Lotto 6/58,19-38-48-30-06-46,12/29/2020,"127,914,574.80",0
Ultra Lotto 6/58,29-06-19-38-27-58,1/3/2021,"133,279,574.00",0
Ultra Lotto 6/58,28-01-05-30-15-32,1/5/2021,"138,607,327.20",0
Ultra Lotto 6/58,52-26-50-44-06-45,1/8/2021,"145,063,152.40",0
Ultra Lotto 6/58,22-30-28-39-05-19,1/10/2021,"150,905,063.20",0
Ultra Lotto 6/58,38-54-47-48-42-25,1/12/2021,"156,519,639.20",0
Ultra Lotto 6/58,07-53-54-09-50-29,1/15/2021,"163,126,085.20",0
Ultra Lotto 6/58,39-29-17-05-37-01,1/17/2021,"169,117,851.20",0
Ultra Lotto 6/58,20-46-48-44-10-50,1/19/2021,"174,872,866.40",0
Ultra Lotto 6/58,19-07-56-24-28-43,1/22/2021,"181,669,709.20",0
Ultra Lotto 6/58,57-21-47-33-27-05,1/24/2021,"187,828,618.00",0
Ultra Lotto 6/58,02-42-11-29-56-21,1/26/2021,"193,912,616.80",0
Ultra Lotto 6/58,34-10-26-04-42-21,1/29/2021,"201,418,009.20",0
Ultra Lotto 6/58,11-05-19-49-17-35,1/31/2021,"208,441,100.00",0
Ultra Lotto 6/58,37-29-33-51-42-13,2/2/2021,"215,288,019.20",0
Ultra Lotto 6/58,26-01-44-40-03-36,2/5/2021,"223,394,183.20",0
Ultra Lotto 6/58,11-12-01-56-48-38,2/7/2021,"230,693,620.40",0
Ultra Lotto 6/58,43-09-21-18-20-31,2/9/2021,"237,503,812.80",0
Ultra Lotto 6/58,24-09-32-41-29-22,2/12/2021,"246,085,102.00",1
Ultra Lotto 6/58,53-51-46-31-26-07,2/14/2021,"49,500,000.00",0
Ultra Lotto 6/58,04-35-07-26-23-14,2/16/2021,"49,500,000.00",0
Ultra Lotto 6/58,52-02-16-07-51-44,2/19/2021,"49,500,000.00",0
Ultra Lotto 6/58,47-21-38-01-28-03,2/21/2021,"49,500,000.00",0
Ultra Lotto 6/58,54-13-51-29-30-31,2/23/2021,"49,500,000.00",0
Ultra Lotto 6/58,49-31-45-40-53-08,2/26/2021,"49,500,000.00",0
Ultra Lotto 6/58,57-44-15-27-38-06,2/28/2021,"49,500,000.00",0
Ultra Lotto 6/58,57-04-14-49-31-41,3/2/2021,"49,500,000.00",0
Ultra Lotto 6/58,56-26-12-03-45-32,3/5/2021,"49,500,000.00",0
Ultra Lotto 6/58,49-04-38-40-13-19,3/7/2021,"49,500,000.00",0
Ultra Lotto 6/58,19-44-29-30-05-46,3/9/2021,"49,500,000.00",0
Ultra Lotto 6/58,49-02-06-43-54-25,3/12/2021,"49,500,000.00",0
Ultra Lotto 6/58,37-31-06-26-42-08,3/14/2021,"49,500,000.00",0
Ultra Lotto 6/58,06-14-55-52-16-12,3/16/2021,"49,500,000.00",0
Ultra Lotto 6/58,45-52-16-30-48-12,3/19/2021,"50,051,325.20",0
Ultra Lotto 6/58,26-23-48-42-14-02,3/21/2021,"53,301,227.20",0
Ultra Lotto 6/58,16-27-08-05-12-23,3/23/2021,"55,975,262.80",2
Ultra Lotto 6/58,01-05-42-52-07-17,3/26/2021,"49,500,000.00",0
Ultra Lotto 6/58,24-28-32-13-09-06,3/28/2021,"49,500,000.00",0
Ultra Lotto 6/58,37-18-48-47-58-45,3/30/2021,"49,500,000.00",0
Ultra Lotto 6/58,53-09-15-28-04-23,4/6/2021,"49,500,000.00",0
Ultra Lotto 6/58,32-36-29-43-26-52,4/9/2021,"49,500,000.00",0
Ultra Lotto 6/58,10-07-49-22-15-06,4/11/2021,"49,500,000.00",0
Ultra Lotto 6/58,19-58-42-06-57-02,4/13/2021,"49,500,000.00",0
Ultra Lotto 6/58,10-55-45-57-02-35,4/16/2021,"49,500,000.00",0
Ultra Lotto 6/58,14-19-40-32-09-15,4/18/2021,"49,500,000.00",0
Ultra Lotto 6/58,45-54-13-06-51-35,4/20/2021,"49,500,000.00",0
Ultra Lotto 6/58,12-13-31-53-10-24,4/23/2021,"49,500,000.00",0
Ultra Lotto 6/58,24-20-50-43-49-35,4/25/2021,"49,500,000.00",0
Ultra Lotto 6/58,37-25-17-02-42-50,4/27/2021,"49,500,000.00",0
Ultra Lotto 6/58,06-31-52-42-22-48,4/30/2021,"49,500,000.00",0
Ultra Lotto 6/58,43-47-25-53-35-10,5/2/2021,"49,500,000.00",0
Ultra Lotto 6/58,14-56-06-33-32-44,5/4/2021,"49,500,000.00",0
Ultra Lotto 6/58,44-28-55-31-35-49,5/7/2021,"49,500,000.00",0
Ultra Lotto 6/58,29-42-49-17-11-18,5/9/2021,"49,500,000.00",0
Ultra Lotto 6/58,40-20-31-38-26-01,5/11/2021,"49,500,000.00",0
Ultra Lotto 6/58,28-20-52-21-04-55,5/14/2021,"49,500,000.00",0
Ultra Lotto 6/58,40-21-28-57-25-43,5/16/2021,"49,500,000.00",0
Ultra Lotto 6/58,18-33-26-36-46-01,5/18/2021,"49,500,000.00",0
Ultra Lotto 6/58,10-54-17-52-06-08,5/21/2021,"49,500,000.00",0
Ultra Lotto 6/58,05-34-13-43-37-25,5/23/2021,"49,500,000.00",0
Ultra Lotto 6/58,42-17-44-34-48-30,5/25/2021,"49,500,000.00",0
Ultra Lotto 6/58,40-36-41-10-48-35,5/28/2021,"49,500,000.00",1
Ultra Lotto 6/58,19-22-28-27-03-45,5/30/2021,"49,500,000.00",0
Ultra Lotto 6/58,18-52-39-03-40-22,6/1/2021,"49,500,000.00",0
Ultra Lotto 6/58,25-05-48-15-08-34,6/4/2021,"49,500,000.00",0
Ultra Lotto 6/58,01-50-17-10-07-47,6/6/2021,"49,500,000.00",0
Ultra Lotto 6/58,12-27-25-49-30-41,6/8/2021,"49,500,000.00",0
Ultra Lotto 6/58,56-52-32-37-10-03,6/11/2021,"49,500,000.00",0
Ultra Lotto 6/58,46-42-21-12-16-09,6/13/2021,"49,500,000.00",0
Ultra Lotto 6/58,03-37-29-53-22-09,6/15/2021,"49,500,000.00",0
Ultra Lotto 6/58,37-16-10-13-06-36,6/18/2021,"49,500,000.00",0
Ultra Lotto 6/58,01-47-26-41-02-53,6/20/2021,"49,500,000.00",0
Ultra Lotto 6/58,05-38-09-20-24-17,6/22/2021,"49,500,000.00",1
Ultra Lotto 6/58,10-28-17-01-50-48,6/25/2021,"49,500,000.00",0
Ultra Lotto 6/58,35-27-29-25-30-04,6/27/2021,"49,500,000.00",0
Ultra Lotto 6/58,47-55-51-23-41-04,6/29/2021,"49,500,000.00",0
Ultra Lotto 6/58,25-38-03-31-14-34,7/2/2021,"49,500,000.00",0
Ultra Lotto 6/58,55-35-21-26-31-11,7/4/2021,"49,500,000.00",0
Ultra Lotto 6/58,42-12-10-19-40-26,7/6/2021,"49,500,000.00",0
Ultra Lotto 6/58,12-39-23-24-36-35,7/9/2021,"49,500,000.00",0
Ultra Lotto 6/58,53-43-16-42-58-46,7/11/2021,"49,500,000.00",0
Ultra Lotto 6/58,42-58-24-54-55-29,7/13/2021,"49,500,000.00",0
Ultra Lotto 6/58,58-01-22-10-21-37,7/16/2021,"49,500,000.00",0
Ultra Lotto 6/58,39-17-51-25-14-50,7/18/2021,"49,500,000.00",0
Ultra Lotto 6/58,58-33-04-05-13-14,7/20/2021,"49,500,000.00",0
Ultra Lotto 6/58,05-20-29-55-09-49,7/23/2021,"49,500,000.00",0
Ultra Lotto 6/58,15-01-48-33-12-19,7/25/2021,"49,500,000.00",0
Ultra Lotto 6/58,53-10-12-30-11-05,7/27/2021,"49,500,000.00",0
Ultra Lotto 6/58,26-11-32-37-46-24,7/30/2021,"49,500,000.00",0
Ultra Lotto 6/58,07-17-28-05-38-26,8/1/2021,"50,932,282.20",0
Ultra Lotto 6/58,54-03-40-36-53-34,8/3/2021,"53,105,608.00",0
Ultra Lotto 6/58,53-16-24-39-43-42,8/6/2021,"55,006,841.20",0
Ultra Lotto 6/58,45-47-13-55-05-39,8/8/2021,"56,801,116.80",0
Ultra Lotto 6/58,25-27-34-11-49-45,8/10/2021,"58,558,636.20",0
Ultra Lotto 6/58,04-48-33-54-51-49,8/13/2021,"60,876,694.40",0
Ultra Lotto 6/58,03-01-47-56-06-07,8/15/2021,"62,826,026.40",0
Ultra Lotto 6/58,09-12-35-04-22-32,8/17/2021,"64,881,623.40",0
Ultra Lotto 6/58,29-10-06-08-35-46,8/20/2021,"67,248,568.80",0
Ultra Lotto 6/58,17-08-52-28-42-15,8/22/2021,"70,020,779.60",0
Ultra Lotto 6/58,39-55-31-58-22-51,8/24/2021,"72,938,558.60",0
Ultra Lotto 6/58,19-53-49-47-48-56,8/27/2021,"76,867,640.80",0
Ultra Lotto 6/58,48-32-41-36-09-18,8/29/2021,"80,350,332.20",0
Ultra Lotto 6/58,03-47-34-43-29-07,8/31/2021,"83,976,305.80",0
Ultra Lotto 6/58,58-55-23-22-57-44,9/3/2021,"88,599,433.40",0
Ultra Lotto 6/58,35-47-15-34-23-58,9/5/2021,"92,692,710.20",0
Ultra Lotto 6/58,54-37-56-18-43-45,9/7/2021,"96,586,921.40",0
Ultra Lotto 6/58,31-28-15-02-50-43,9/12/2021,"105,502,286.00",0
Ultra Lotto 6/58,42-34-46-35-05-23,9/10/2021,"101,205,716.80",0
Ultra Lotto 6/58,54-01-44-13-51-25,9/14/2021,"109,973,786.00",0
Ultra Lotto 6/58,51-34-08-43-09-32,9/17/2021,"115,501,193.60",0
Ultra Lotto 6/58,32-21-05-34-27-10,9/19/2021,"120,481,861.60",0
Ultra Lotto 6/58,35-49-57-23-24-48,9/21/2021,"125,445,668.80",0
Ultra Lotto 6/58,04-12-14-44-55-06,9/24/2021,"131,333,920.40",0
Ultra Lotto 6/58,16-03-23-19-55-36,9/26/2021,"136,733,662.00",0
Ultra Lotto 6/58,21-58-34-04-33-01,9/28/2021,"142,003,647.60",0
Ultra Lotto 6/58,18-49-23-22-19-47,10/1/2021,"148,944,172.40",0
Ultra Lotto 6/58,06-17-31-08-13-05,10/3/2021,"155,093,968.80",0
Ultra Lotto 6/58,45-41-02-42-48-03,10/5/2021,"161,054,996.40",0
Ultra Lotto 6/58,49-20-32-15-22-01,10/8/2021,"168,558,747.60",0
Ultra Lotto 6/58,19-03-40-57-54-56,10/10/2021,"175,070,668.40",0
Ultra Lotto 6/58,03-30-45-19-16-32,10/12/2021,"181,276,124.80",0
Ultra Lotto 6/58,37-03-35-02-42-44,10/15/2021,"188,917,798.40",0
Ultra Lotto 6/58,02-13-04-37-18-48,10/17/2021,"195,992,329.60",0
Ultra Lotto 6/58,16-32-50-22-28-35,10/19/2021,"203,160,211.20",0
Ultra Lotto 6/58,37-54-14-51-48-05,10/22/2021,"212,014,810.80",0
Ultra Lotto 6/58,56-07-35-25-52-29,10/24/2021,"219,851,606.80",0
Ultra Lotto 6/58,50-12-03-26-28-21,10/26/2021,"227,573,866.40",0
Ultra Lotto 6/58,28-43-31-08-15-06,10/29/2021,"237,168,101.60",0
Ultra Lotto 6/58,28-43-31-08-15-06,10/29/2021,"237,168,101.60",0
Ultra Lotto 6/58,16-50-51-46-02-54,10/31/2021,"245,552,834.00",0
Ultra Lotto 6/58,06-14-28-27-02-18,11/2/2021,"253,420,874.40",0
Ultra Lotto 6/58,22-43-19-12-13-02,11/5/2021,"264,557,261.20",0
Ultra Lotto 6/58,16-17-44-49-37-25,11/7/2021,"274,639,689.60",0
Ultra Lotto 6/58,40-58-05-18-17-50,11/9/2021,"284,504,617.20",0
Ultra Lotto 6/58,05-15-53-23-31-49,11/12/2021,"295,959,594.80",0
Ultra Lotto 6/58,55-21-12-48-01-35,11/14/2021,"306,614,551.20",0
Ultra Lotto 6/58,14-22-04-19-25-05,11/16/2021,"318,822,874.80",0
Ultra Lotto 6/58,55-21-06-28-42-25,11/19/2021,"334,370,239.60",0
Ultra Lotto 6/58,26-36-41-43-21-01,11/21/2021,"347,383,868.80",0
Ultra Lotto 6/58,58-19-35-46-30-10,11/23/2021,"360,984,981.60",0
Ultra Lotto 6/58,20-17-12-29-10-46,11/26/2021,"378,750,791.20",1
Ultra Lotto 6/58,34-05-39-16-11-48,11/28/2021,"49,500,000.00",0
Ultra Lotto 6/58,51-45-24-21-58-13,11/30/2021,"49,500,000.00",0
Ultra Lotto 6/58,32-05-41-53-35-20,12/3/2021,"49,500,000.00",0
Ultra Lotto 6/58,52-04-08-55-15-46,12/5/2021,"49,500,000.00",0
Ultra Lotto 6/58,54-36-05-45-08-18,12/7/2021,"49,500,000.00",0
Ultra Lotto 6/58,44-08-09-11-36-57,12/12/2021,"49,500,000.00",0
Ultra Lotto 6/58,57-02-33-41-44-56,12/10/2021,"49,500,000.00",0
Ultra Lotto 6/58,49-15-09-56-45-12,12/14/2021,"49,500,000.00",0
Ultra Lotto 6/58,44-57-19-24-10-52,12/17/2021,"49,500,000.00",0
Ultra Lotto 6/58,58-28-48-03-08-41,12/19/2021,"49,500,000.00",0
Ultra Lotto 6/58,16-02-18-26-14-58,12/21/2021,"49,500,000.00",0
Ultra Lotto 6/58,14-27-16-02-34-45,12/24/2021,"49,500,000.00",0
Ultra Lotto 6/58,43-21-18-22-57-51,12/26/2021,"49,500,000.00",0
Ultra Lotto 6/58,21-19-39-24-36-22,12/28/2021,"49,500,000.00",0
Ultra Lotto 6/58,47-26-48-14-08-06,12/31/2021,"51,482,998.00",0
Ultra Lotto 6/58,10-25-01-35-04-58,1/2/2022,"54,346,532.80",0
Ultra Lotto 6/58,43-26-46-52-32-14,1/4/2022,"57,293,039.80",0
Ultra Lotto 6/58,05-34-22-25-13-43,1/7/2022,"61,519,636.00",0
Ultra Lotto 6/58,51-48-20-50-32-43,1/11/2022,"66,768,986.00",0
Ultra Lotto 6/58,53-10-19-21-42-47,1/14/2022,"70,258,716.80",1
Ultra Lotto 6/58,13-34-17-41-58-53,1/16/2022,"49,500,000.00",0
Ultra Lotto 6/58,52-15-42-18-34-47,1/18/2022,"49,500,000.00",0
Ultra Lotto 6/58,43-37-49-34-01-30,1/21/2022,"49,500,000.00",0
Ultra Lotto 6/58,46-03-39-30-28-18,1/23/2022,"49,500,000.00",0
Ultra Lotto 6/58,11-21-47-53-04-34,1/25/2022,"49,500,000.00",0
Ultra Lotto 6/58,53-05-01-38-37-17,1/28/2022,"49,500,000.00",0
Ultra Lotto 6/58,22-02-14-30-10-35,1/30/2022,"49,500,000.00",1
Ultra Lotto 6/58,54-36-27-21-03-09,2/1/2022,"49,500,000.00",0
Ultra Lotto 6/58,11-27-01-03-55-32,2/4/2022,"49,500,000.00",0
Ultra Lotto 6/58,34-14-43-17-11-05,2/6/2022,"49,500,000.00",0
Ultra Lotto 6/58,51-20-29-18-36-08,2/8/2022,"49,500,000.00",0
Ultra Lotto 6/58,46-29-47-19-56-02,1/9/2022,"64,875,864.60",0
Ultra Lotto 6/58,49-45-03-13-39-57,2/11/2022,"49,500,000.00",0
Ultra Lotto 6/58,02-56-48-11-21-45,2/13/2022,"49,500,000.00",0
Ultra Lotto 6/58,25-08-31-34-33-26,2/15/2022,"49,500,000.00",0
Ultra Lotto 6/58,47-58-12-18-31-44,2/18/2022,"49,500,000.00",0
Ultra Lotto 6/58,40-39-35-52-05-17,2/20/2022,"49,500,000.00",0
Ultra Lotto 6/58,42-13-25-50-34-30,2/22/2022,"49,500,000.00",0
Ultra Lotto 6/58,56-16-18-30-42-41,2/25/2022,"49,500,000.00",0
Ultra Lotto 6/58,31-29-33-12-58-49,2/27/2022,"49,500,000.00",0
Ultra Lotto 6/58,51-11-04-17-21-13,3/1/2022,"49,500,000.00",0
Ultra Lotto 6/58,04-39-24-48-16-53,3/4/2022,"51,782,147.00",0
Ultra Lotto 6/58,16-19-29-49-53-11,3/6/2022,"55,400,950.20",0
Ultra Lotto 6/58,44-54-17-11-42-49,3/8/2022,"58,837,785.80",0
Ultra Lotto 6/58,13-42-49-30-26-27,3/11/2022,"63,412,013.00",0
Ultra Lotto 6/58,55-46-25-16-50-35,3/13/2022,"67,178,411.40",0
Ultra Lotto 6/58,57-56-03-47-44-02,3/15/2022,"70,784,120.20",0
Ultra Lotto 6/58,35-25-32-09-51-02,3/18/2022,"75,544,261.40",0
Ultra Lotto 6/58,29-05-03-11-08-42,3/20/2022,"79,699,584.80",1
Ultra Lotto 6/58,14-11-34-49-02-16,3/22/2022,"49,500,000.00",0
Ultra Lotto 6/58,54-25-18-35-37-17,3/25/2022,"49,500,000.00",0
Ultra Lotto 6/58,19-42-22-10-02-40,3/27/2022,"49,500,000.00",0
Ultra Lotto 6/58,38-53-02-32-51-37,3/29/2022,"49,500,000.00",0
Ultra Lotto 6/58,10-21-49-48-25-05,4/1/2022,"49,500,000.00",0
Ultra Lotto 6/58,42-05-11-22-03-02,4/3/2022,"49,500,000.00",0
Ultra Lotto 6/58,36-28-29-56-46-34,4/5/2022,"49,500,000.00",0
Ultra Lotto 6/58,55-42-48-20-12-19,4/8/2022,"49,500,000.00",0
Ultra Lotto 6/58,14-34-48-31-22-04,4/10/2022,"49,500,000.00",0
Ultra Lotto 6/58,51-53-42-07-55-12,4/12/2022,"49,500,000.00",0
Ultra Lotto 6/58,33-06-45-08-42-38,4/19/2022,"49,500,000.00",0
Ultra Lotto 6/58,01-22-49-26-09-08,4/22/2022,"49,500,000.00",0
Ultra Lotto 6/58,02-15-08-51-09-45,4/24/2022,"49,500,000.00",0
Ultra Lotto 6/58,52-18-30-22-49-20,4/26/2022,"51,683,779.20",0
Ultra Lotto 6/58,49-42-17-20-33-31,4/29/2022,"55,792,337.20",0
Ultra Lotto 6/58,02-23-06-58-18-21,5/1/2022,"59,236,931.20",0
Ultra Lotto 6/58,34-12-39-09-08-06,5/3/2022,"62,257,873.40",0
Ultra Lotto 6/58,29-11-36-02-57-03,5/6/2022,"66,483,855.20",0
Ultra Lotto 6/58,25-53-56-14-48-06,5/8/2022,"69,961,695.00",0
Ultra Lotto 6/58,46-29-10-38-48-56,5/10/2022,"73,122,256.00",0
Ultra Lotto 6/58,03-43-16-07-23-40,5/13/2022,"77,723,629.00",0
Ultra Lotto 6/58,40-52-25-44-28-50,5/15/2022,"81,871,351.40",0
Ultra Lotto 6/58,05-11-41-30-37-29,5/17/2022,"85,794,099.00",0
Ultra Lotto 6/58,25-30-38-40-42-21,5/20/2022,"90,763,768.60",0
Ultra Lotto 6/58,28-13-44-58-50-03,5/22/2022,"95,453,960.60",0
Ultra Lotto 6/58,20-22-09-54-06-19,5/24/2022,"100,064,568.00",1
Ultra Lotto 6/58,40-51-50-19-01-32,5/27/2022,"49,500,000.00",0
Ultra Lotto 6/58,09-25-56-40-12-43,5/29/2022,"49,500,000.00",0
Ultra Lotto 6/58,28-56-12-43-25-31,5/31/2022,"49,500,000.00",0
Ultra Lotto 6/58,25-47-54-36-41-10,6/3/2022,"49,500,000.00",0
Ultra Lotto 6/58,25-11-54-52-50-03,6/5/2022,"49,500,000.00",0
Ultra Lotto 6/58,28-26-50-04-05-21,6/7/2022,"49,500,000.00",0
Ultra Lotto 6/58,19-44-38-33-47-43,6/10/2022,"49,500,000.00",0
Ultra Lotto 6/58,05-37-40-48-09-39,6/12/2022,"49,500,000.00",0
Ultra Lotto 6/58,48-33-10-46-02-53,6/14/2022,"49,500,000.00",0
Ultra Lotto 6/58,26-06-43-40-12-04,6/17/2022,"49,500,000.00",0
Ultra Lotto 6/58,02-14-51-21-26-46,6/19/2022,"49,500,000.00",0
Ultra Lotto 6/58,21-12-54-31-43-48,6/21/2022,"49,500,000.00",0
Ultra Lotto 6/58,05-55-19-22-11-02,6/24/2022,"49,500,000.00",0
Ultra Lotto 6/58,53-47-15-30-32-58,6/26/2022,"52,057,402.00",0
Ultra Lotto 6/58,55-54-02-58-23-09,6/28/2022,"55,833,635.60",0
Ultra Lotto 6/58,58-24-13-43-34-05,7/1/2022,"61,694,717.20",0
Ultra Lotto 6/58,42-09-25-15-18-58,7/3/2022,"66,783,256.40",0
Ultra Lotto 6/58,37-45-22-43-04-06,7/5/2022,"71,756,993.60",0
Ultra Lotto 6/58,14-08-21-18-49-27,7/8/2022,"79,138,606.60",0
Ultra Lotto 6/58,14-42-48-22-16-30,7/10/2022,"84,837,304.00",0
Ultra Lotto 6/58,18-25-35-47-04-16,7/12/2022,"90,259,613.40",0
Ultra Lotto 6/58,04-49-46-15-44-48,7/15/2022,"96,788,312.60",0
Ultra Lotto 6/58,34-09-21-29-57-44,7/17/2022,"102,945,582.40",0
Ultra Lotto 6/58,52-45-25-43-51-29,7/19/2022,"109,263,036.40",0
Ultra Lotto 6/58,13-05-41-03-15-20,7/22/2022,"117,188,351.60",0
Ultra Lotto 6/58,01-14-20-43-47-11,7/24/2022,"124,177,782.40",0
Ultra Lotto 6/58,35-28-24-55-25-02,7/26/2022,"131,206,197.20",0
Ultra Lotto 6/58,53-10-40-45-27-37,7/29/2022,"139,728,266.80",0
Ultra Lotto 6/58,09-20-46-03-18-33,7/31/2022,"147,543,749.20",0
Ultra Lotto 6/58,23-48-53-06-50-07,8/2/2022,"155,232,098.00",0
Ultra Lotto 6/58,04-46-58-20-34-28,8/5/2022,"163,365,304.40",1
Ultra Lotto 6/58,52-25-19-14-54-34,8/7/2022,"49,500,000.00",0
Ultra Lotto 6/58,24-29-31-56-55-16,8/9/2022,"49,500,000.00",0
Ultra Lotto 6/58,24-54-28-42-57-40,8/12/2022,"49,500,000.00",0
Ultra Lotto 6/58,16-44-06-33-47-21,8/14/2022,"49,500,000.00",0
Ultra Lotto 6/58,34-20-06-14-32-03,8/16/2022,"49,500,000.00",0
Ultra Lotto 6/58,56-24-29-05-13-16,8/19/2022,"49,500,000.00",0
Ultra Lotto 6/58,18-04-22-23-44-33,8/21/2022,"49,500,000.00",0
Ultra Lotto 6/58,18-20-27-02-38-15,8/23/2022,"49,500,000.00",0
Ultra Lotto 6/58,32-24-15-49-25-53,8/26/2022,"49,500,000.00",0
Ultra Lotto 6/58,32-11-17-38-28-18,8/28/2022,"49,500,000.00",0
Ultra Lotto 6/58,37-29-38-05-24-19,8/30/2022,"49,500,000.00",0
Ultra Lotto 6/58,06-13-35-39-47-05,9/2/2022,"49,500,000.00",0
Ultra Lotto 6/58,06-57-48-11-28-13,9/4/2022,"53,117,443.80",0
Ultra Lotto 6/58,24-16-35-12-23-22,9/6/2022,"56,313,035.60",0
Ultra Lotto 6/58,14-52-36-58-03-54,9/9/2022,"60,718,864.20",0
Ultra Lotto 6/58,21-19-55-36-46-43,9/11/2022,"64,509,145.80",0
Ultra Lotto 6/58,03-08-53-34-14-16,9/13/2022,"67,771,128.00",0
Ultra Lotto 6/58,05-50-01-04-15-02,9/16/2022,"72,487,804.00",0
Ultra Lotto 6/58,36-53-57-50-04-03,9/18/2022,"76,578,628.60",0
Ultra Lotto 6/58,04-31-30-21-53-06,9/20/2022,"80,104,597.00",0
Ultra Lotto 6/58,15-54-20-31-45-32,9/23/2022,"84,940,898.80",0
Ultra Lotto 6/58,50-43-12-05-46-54,9/25/2022,"88,507,365.00",0
Ultra Lotto 6/58,14-52-02-21-57-48,9/27/2022,"91,958,727.60",0
Ultra Lotto 6/58,53-25-30-14-18-35,9/30/2022,"97,719,913.00",0
Ultra Lotto 6/58,40-14-56-39-44-24,10/2/2022,"102,294,180.00",0
Ultra Lotto 6/58,30-56-50-06-58-25,10/4/2022,"106,603,267.20",0
Ultra Lotto 6/58,19-57-54-13-49-12,10/7/2022,"112,756,610.00",0
Ultra Lotto 6/58,24-01-25-09-39-47,10/9/2022,"117,756,717.20",0
Ultra Lotto 6/58,13-52-04-18-01-24,10/11/2022,"122,557,068.80",0
Ultra Lotto 6/58,32-15-09-47-40-01,10/14/2022,"128,936,584.80",0
Ultra Lotto 6/58,48-03-49-44-40-41,10/16/2022,"134,489,732.40",0
Ultra Lotto 6/58,32-04-23-27-10-21,10/18/2022,"139,640,275.60",0
Ultra Lotto 6/58,53-06-32-12-21-43,10/21/2022,"146,528,053.20",0
Ultra Lotto 6/58,39-07-58-37-50-16,10/23/2022,"152,287,283.60",0
Ultra Lotto 6/58,17-42-28-44-25-58,10/25/2022,"158,067,330.40",0
Ultra Lotto 6/58,37-11-55-42-49-09,10/28/2022,"165,457,302.00",0
Ultra Lotto 6/58,39-29-42-20-08-19,10/30/2022,"172,194,687.60",0
Ultra Lotto 6/58,34-17-26-20-05-29,11/1/2022,"177,575,689.60",0
Ultra Lotto 6/58,44-36-10-45-50-52,11/4/2022,"186,415,949.60",0
Ultra Lotto 6/58,50-25-39-23-35-09,11/6/2022,"194,908,539.20",0
Ultra Lotto 6/58,18-05-49-02-53-48,11/8/2022,"203,672,278.80",0
Ultra Lotto 6/58,18-35-50-46-19-45,11/11/2022,"214,398,383.20",0
Ultra Lotto 6/58,43-46-50-16-09-17,11/13/2022,"224,300,873.60",0
Ultra Lotto 6/58,10-41-29-46-58-13,11/15/2022,"234,226,692.80",0
Ultra Lotto 6/58,53-07-16-42-15-24,11/18/2022,"246,887,208.80",0
Ultra Lotto 6/58,41-52-36-53-49-15,11/20/2022,"258,135,624.00",0
Ultra Lotto 6/58,08-03-21-51-07-58,11/22/2022,"269,003,650.40",0
Ultra Lotto 6/58,05-39-40-31-29-46,11/25/2022,"281,543,624.00",0
Ultra Lotto 6/58,36-38-29-07-45-12,11/27/2022,"293,032,824.80",0
Ultra Lotto 6/58,38-55-26-32-20-09,11/29/2022,"304,963,600.80",0
Ultra Lotto 6/58,31-11-33-06-01-10,12/2/2022,"319,977,404.00",0
Ultra Lotto 6/58,06-49-58-35-36-31,12/4/2022,"333,985,864.40",0
Ultra Lotto 6/58,53-23-46-22-58-09,12/6/2022,"348,374,388.00",0
Ultra Lotto 6/58,35-18-07-33-08-48,12/9/2022,"364,223,042.80",0
Ultra Lotto 6/58,04-34-13-16-10-07,12/11/2022,"378,921,691.60",0
Ultra Lotto 6/58,29-13-28-08-01-56,12/13/2022,"393,783,039.20",0
Ultra Lotto 6/58,09-23-30-49-33-06,12/16/2022,"411,769,310.80",0
Ultra Lotto 6/58,03-01-44-42-58-02,12/18/2022,"428,626,010.00",0
Ultra Lotto 6/58,32-34-19-06-27-35,12/20/2022,"446,857,427.60",0
Ultra Lotto 6/58,40-51-35-31-27-50,12/23/2022,"470,813,166.00",0
Ultra Lotto 6/58,36-44-43-50-12-06,12/27/2022,"492,970,782.80",0
Ultra Lotto 6/58,01-23-15-03-08-05,12/30/2022,"521,275,111.60",2
Ultra Lotto 6/58,57-35-45-56-14-20,1/3/2023,"49,500,000.00",0
Ultra Lotto 6/58,17-31-12-52-03-44,1/6/2023,"49,500,000.00",0
Ultra Lotto 6/58,21-32-07-55-17-27,1/8/2023,"49,500,000.00",0
Ultra Lotto 6/58,01-56-47-07-55-29,1/10/2023,"49,500,000.00",0
Ultra Lotto 6/58,12-17-02-50-24-44,1/13/2023,"49,500,000.00",0
Ultra Lotto 6/58,45-16-43-38-02-03,1/15/2023,"49,500,000.00",0
Ultra Lotto 6/58,45-32-30-34-27-39,1/17/2023,"49,500,000.00",0
Ultra Lotto 6/58,24-39-31-19-42-13,1/20/2023,"49,500,000.00",1
Ultra Lotto 6/58,41-27-34-38-13-16,1/22/2023,"49,500,000.00",0
Ultra Lotto 6/58,24-35-18-43-49-22,1/24/2023,"49,500,000.00",0
Ultra Lotto 6/58,06-25-34-43-21-24,1/27/2023,"49,500,000.00",0
Ultra Lotto 6/58,37-41-50-47-57-10,1/29/2023,"49,500,000.00",0
Ultra Lotto 6/58,20-47-33-14-02-29,1/31/2023,"49,500,000.00",0
Ultra Lotto 6/58,21-11-23-29-09-50,2/3/2023,"49,500,000.00",0
Ultra Lotto 6/58,49-42-14-07-16-30,2/5/2023,"49,500,000.00",0
Ultra Lotto 6/58,23-27-58-47-09-29,2/7/2023,"49,500,000.00",0
Ultra Lotto 6/58,39-23-29-24-47-30,2/10/2023,"49,500,000.00",0
Ultra Lotto 6/58,48-12-35-37-33-22,2/12/2023,"50,435,990.00",0
Ultra Lotto 6/58,58-32-33-19-37-53,2/14/2023,"54,662,377.00",0
Ultra Lotto 6/58,19-05-26-27-58-35,2/17/2023,"60,233,174.60",0
Ultra Lotto 6/58,11-33-37-54-01-26,2/19/2023,"65,074,894.00",0
Ultra Lotto 6/58,22-35-47-15-14-03,2/21/2023,"70,049,024.20",0
Ultra Lotto 6/58,08-02-45-28-47-19,2/24/2023,"76,321,637.80",0
Ultra Lotto 6/58,46-30-25-40-11-35,2/26/2023,"82,103,169.60",0
Ultra Lotto 6/58,36-49-40-19-15-48,2/28/2023,"87,542,598.00",0
Ultra Lotto 6/58,10-28-41-13-55-20,3/3/2023,"95,083,361.40",0
Ultra Lotto 6/58,50-55-40-22-09-53,3/5/2023,"102,359,238.40",0
Ultra Lotto 6/58,56-41-11-48-54-58,3/7/2023,"109,630,146.00",1
Ultra Lotto 6/58,48-45-43-29-25-05,3/10/2023,"49,500,000.00",0
Ultra Lotto 6/58,13-30-10-22-02-15,3/12/2023,"49,500,000.00",1
Ultra Lotto 6/58,17-27-48-41-58-52,3/14/2023,"49,500,000.00",0
Ultra Lotto 6/58,31-20-17-42-52-53,3/17/2023,"49,500,000.00",0
Ultra Lotto 6/58,56-14-50-26-55-48,3/19/2023,"49,500,000.00",0
Ultra Lotto 6/58,07-14-52-51-53-48,3/21/2023,"49,500,000.00",0
Ultra Lotto 6/58,37-36-13-58-33-50,3/24/2023,"49,500,000.00",0
Ultra Lotto 6/58,50-38-39-40-35-51,3/26/2023,"49,500,000.00",0
Ultra Lotto 6/58,02-55-38-34-09-24,3/28/2023,"49,500,000.00",0
Ultra Lotto 6/58,30-36-05-32-51-13,3/31/2023,"49,500,000.00",0
Ultra Lotto 6/58,57-26-21-52-42-03,4/2/2023,"49,500,000.00",0
Ultra Lotto 6/58,39-43-34-52-24-35,4/4/2023,"49,500,000.00",0
Ultra Lotto 6/58,41-55-20-32-47-57,4/11/2023,"52,596,622.20",0
Ultra Lotto 6/58,34-03-46-42-52-54,4/14/2023,"56,926,016.00",0
Ultra Lotto 6/58,21-17-20-46-54-56,4/16/2023,"61,846,959.20",0
Ultra Lotto 6/58,48-34-08-04-13-53,4/18/2023,"65,545,490.60",0
Ultra Lotto 6/58,44-39-23-25-21-42,4/21/2023,"69,889,955.40",0
Ultra Lotto 6/58,25-57-03-58-09-36,4/23/2023,"74,859,611.80",0
Ultra Lotto 6/58,31-53-10-32-43-45,4/25/2023,"79,496,752.20",0
Ultra Lotto 6/58,40-22-05-12-10-34,4/28/2023,"84,306,969.80",0
Ultra Lotto 6/58,10-31-41-55-15-12,4/30/2023,"89,504,361.60",0
Ultra Lotto 6/58,16-50-07-19-40-30,5/2/2023,"94,275,101.00",0
Ultra Lotto 6/58,38-04-14-22-29-55,5/5/2023,"99,901,922.00",0
Ultra Lotto 6/58,44-33-26-17-38-11,5/7/2023,"106,085,541.20",0
Ultra Lotto 6/58,05-28-39-40-16-01,5/9/2023,"111,548,128.00",0
Ultra Lotto 6/58,56-04-44-12-39-37,5/12/2023,"118,372,607.20",0
Ultra Lotto 6/58,18-44-57-06-23-12,5/14/2023,"125,342,321.60",0
Ultra Lotto 6/58,28-41-45-23-58-38,5/16/2023,"132,641,406.80",0
Ultra Lotto 6/58,46-28-03-43-02-50,5/19/2023,"141,414,346.80",0
Ultra Lotto 6/58,54-46-11-06-15-50,5/21/2023,"149,139,576.40",0
Ultra Lotto 6/58,04-23-26-36-05-15,5/23/2023,"156,821,760.80",0
Ultra Lotto 6/58,35-08-10-11-36-28,5/26/2023,"165,996,548.40",0
Ultra Lotto 6/58,10-47-27-14-18-28,5/28/2023,"174,542,061.20",0
Ultra Lotto 6/58,46-49-31-54-19-47,5/30/2023,"182,881,860.80",0
Ultra Lotto 6/58,48-45-36-39-13-38,6/2/2023,"193,037,324.80",0
Ultra Lotto 6/58,31-04-52-54-10-56,6/4/2023,"202,796,480.80",0
Ultra Lotto 6/58,08-30-14-09-54-39,6/6/2023,"213,655,359.60",0
Ultra Lotto 6/58,34-47-30-26-07-46,6/9/2023,"227,492,479.60",0
Ultra Lotto 6/58,19-05-55-44-41-46,6/11/2023,"239,314,610.80",0
Ultra Lotto 6/58,42-18-14-37-56-27,6/13/2023,"251,297,399.20",0
Ultra Lotto 6/58,50-10-27-36-19-38,6/16/2023,"265,998,969.60",0
Ultra Lotto 6/58,09-12-51-07-15-18,6/18/2023,"279,303,056.00",0
Ultra Lotto 6/58,09-26-27-33-43-11,6/20/2023,"292,700,994.40",0
Ultra Lotto 6/58,02-31-47-27-49-55,6/23/2023,"309,763,376.00",0
Ultra Lotto 6/58,21-40-54-29-06-32,6/25/2023,"325,862,813.20",0
Ultra Lotto 6/58,28-19-24-35-38-37,6/27/2023,"343,618,797.60",0
Ultra Lotto 6/58,43-58-37-47-27-17,6/30/2023,"366,687,465.20",1
Ultra Lotto 6/58,41-12-57-39-56-02,7/2/2023,"49,500,000.00",0
Ultra Lotto 6/58,08-51-28-18-37-23,7/4/2023,"49,500,000.00",0
Ultra Lotto 6/58,03-56-02-22-46-06,7/7/2023,"49,500,000.00",0
Ultra Lotto 6/58,50-10-49-53-14-16,7/9/2023,"49,500,000.00",0
Ultra Lotto 6/58,33-37-14-49-03-34,7/11/2023,"49,500,000.00",0
Ultra Lotto 6/58,15-37-02-48-22-51,7/14/2023,"49,500,000.00",0
Ultra Lotto 6/58,28-32-56-29-01-41,7/16/2023,"49,500,000.00",0
Ultra Lotto 6/58,12-16-44-47-30-02,7/18/2023,"49,500,000.00",0
Ultra Lotto 6/58,57-36-49-31-15-33,7/21/2023,"49,500,000.00",0
Ultra Lotto 6/58,23-05-03-22-58-47,7/23/2023,"49,500,000.00",0
Ultra Lotto 6/58,09-43-12-20-45-23,7/25/2023,"52,505,425.80",0
Ultra Lotto 6/58,37-01-23-54-43-50,7/28/2023,"57,688,799.40",0
Ultra Lotto 6/58,48-29-10-49-52-16,7/30/2023,"63,297,912.40",0
Ultra Lotto 6/58,15-52-07-47-31-41,8/1/2023,"68,600,405.40",0
Ultra Lotto 6/58,56-37-11-17-32-06,8/4/2023,"74,836,568.80",0
Ultra Lotto 6/58,41-20-19-16-42-46,8/6/2023,"81,063,971.80",0
Ultra Lotto 6/58,18-22-30-55-26-05,8/8/2023,"87,051,450.20",1
Ultra Lotto 6/58,50-46-57-40-04-19,8/11/2023,"49,500,000.00",1
Ultra Lotto 6/58,31-15-07-37-24-25,8/13/2023,"49,500,000.00",0
Ultra Lotto 6/58,26-41-30-22-13-31,8/15/2023,"49,500,000.00",0
Ultra Lotto 6/58,03-36-38-25-23-22,8/18/2023,"49,500,000.00",0
Ultra Lotto 6/58,15-02-20-57-19-10,8/20/2023,"49,500,000.00",0
Ultra Lotto 6/58,38-15-11-55-10-52,8/22/2023,"49,500,000.00",0
Ultra Lotto 6/58,15-30-06-05-13-52,8/25/2023,"49,500,000.00",0
Ultra Lotto 6/58,06-50-57-45-13-56,8/27/2023,"49,500,000.00",0
Ultra Lotto 6/58,03-18-10-45-37-24,8/29/2023,"49,500,000.00",0
Ultra Lotto 6/58,02-44-55-51-04-30,9/1/2023,"49,500,000.00",0
Ultra Lotto 6/58,51-08-56-18-37-09,9/3/2023,"49,500,000.00",0
Ultra Lotto 6/58,57-08-24-22-01-26,9/5/2023,"49,500,000.00",0
Ultra Lotto 6/58,40-52-03-54-14-35,9/8/2023,"53,095,488.80",0
Ultra Lotto 6/58,58-02-15-35-28-12,9/10/2023,"58,002,406.00",0
Ultra Lotto 6/58,09-46-08-53-30-47,9/12/2023,"62,389,446.40",0
Ultra Lotto 6/58,28-41-25-29-54-37,9/15/2023,"68,037,849.40",0
Ultra Lotto 6/58,27-16-21-31-56-01,9/17/2023,"72,922,751.00",0
Ultra Lotto 6/58,07-10-09-13-21-19,9/19/2023,"77,455,718.40",1
Ultra Lotto 6/58,10-12-31-36-58-19,9/22/2023,"49,500,000.00",0
Ultra Lotto 6/58,30-20-27-28-38-42,9/24/2023,"49,500,000.00",0
Ultra Lotto 6/58,56-14-25-23-22-40,9/26/2023,"49,500,000.00",0
Ultra Lotto 6/58,04-42-22-10-21-16,9/29/2023,"49,500,000.00",0
Ultra Lotto 6/58,55-34-30-25-43-08,10/1/2023,"49,500,000.00",0
Ultra Lotto 6/58,45-32-11-19-35-34,10/3/2023,"49,500,000.00",0
Ultra Lotto 6/58,19-30-06-29-43-48,10/6/2023,"49,500,000.00",0
Ultra Lotto 6/58,19-16-33-13-10-47,10/8/2023,"49,500,000.00",0
Ultra Lotto 6/58,16-57-27-28-24-47,10/10/2023,"49,500,000.00",0
Ultra Lotto 6/58,34-51-20-55-23-02,10/13/2023,"49,500,000.00",0
Ultra Lotto 6/58,56-53-40-06-35-42,10/15/2023,"49,500,000.00",0
Ultra Lotto 6/58,51-48-44-05-14-12,10/17/2023,"49,500,000.00",0
Ultra Lotto 6/58,25-54-48-50-37-29,10/20/2023,"52,222,306.80",0
Ultra Lotto 6/58,11-37-44-33-13-28,10/22/2023,"57,271,281.80",0
Ultra Lotto 6/58,06-25-30-31-07-12,10/24/2023,"61,709,609.80",0
Ultra Lotto 6/58,33-22-45-11-16-02,10/27/2023,"67,460,083.60",0
Ultra Lotto 6/58,51-34-24-02-53-06,10/29/2023,"73,078,774.20",0
Ultra Lotto 6/58,39-37-08-47-51-21,10/31/2023,"89,000,000.00",0
Ultra Lotto 6/58,58-37-47-31-10-32,11/3/2023,"94,199,198.80",0
Ultra Lotto 6/58,11-17-45-38-09-48,11/5/2023,"99,535,210.20",0
Ultra Lotto 6/58,24-46-08-26-57-33,11/7/2023,"104,713,125.80",0
Ultra Lotto 6/58,45-55-40-04-08-44,11/10/2023,"112,152,500.60",0
Ultra Lotto 6/58,42-18-56-33-20-17,11/12/2023,"118,446,366.20",0
Ultra Lotto 6/58,55-27-56-39-44-57,11/14/2023,"124,497,431.00",0
Ultra Lotto 6/58,45-10-02-20-28-58,11/17/2023,"132,646,041.80",0
Ultra Lotto 6/58,44-55-43-01-23-26,11/19/2023,"139,853,615.80",0
Ultra Lotto 6/58,20-35-27-07-19-33,11/21/2023,"146,625,053.00",0
Ultra Lotto 6/58,20-14-55-22-04-58,11/24/2023,"155,077,545.40",0
Ultra Lotto 6/58,39-09-40-01-55-14,11/26/2023,"162,687,385.00",0
Ultra Lotto 6/58,24-45-42-05-53-28,11/28/2023,"169,857,268.60",0
Ultra Lotto 6/58,03-09-44-21-34-26,12/1/2023,"179,526,061.80",0
Ultra Lotto 6/58,03-11-36-16-44-49,12/3/2023,"188,158,003.80",0
Ultra Lotto 6/58,21-04-23-12-32-35,12/5/2023,"196,562,545.00",0
Ultra Lotto 6/58,34-38-20-43-15-28,12/8/2023,"206,133,372.20",0
Ultra Lotto 6/58,37-48-19-15-57-39,12/10/2023,"215,732,438.60",0
Ultra Lotto 6/58,03-36-44-01-14-11,12/12/2023,"224,943,521.80",0
Ultra Lotto 6/58,11-18-52-58-54-08,12/15/2023,"235,859,508.20",0
Ultra Lotto 6/58,52-07-09-29-37-38,12/17/2023,"500,000,000.00",0
Ultra Lotto 6/58,33-30-43-32-27-57,12/19/2023,"513,100,080.40",0
Ultra Lotto 6/58,46-43-44-16-50-21,12/22/2023,"530,527,560.80",0
Ultra Lotto 6/58,05-06-25-13-17-16,12/24/2023,"539,740,307.20",0
Ultra Lotto 6/58,42-49-16-09-06-47,12/26/2023,"553,048,661.60",0
Ultra Lotto 6/58,19-35-25-42-58-05,12/29/2023,"571,554,916.40",1
Ultra Lotto 6/58,44-24-30-31-01-32,12/31/2023,"49,500,000.00",0
Ultra Lotto 6/58,58-07-40-09-56-29,1/2/2024,"49,500,000.00",0
Ultra Lotto 6/58,46-54-05-35-04-13,1/5/2024,"49,500,000.00",0
Ultra Lotto 6/58,37-28-08-18-40-38,1/7/2024,"49,500,000.00",0
Ultra Lotto 6/58,10-34-39-45-52-24,1/9/2024,"49,500,000.00",0
Ultra Lotto 6/58,06-44-20-22-37-25,1/12/2024,"49,500,000.00",0
Ultra Lotto 6/58,23-40-08-42-45-55,1/14/2024,"49,500,000.00",0
Ultra Lotto 6/58,39-45-18-26-58-05,1/16/2024,"49,500,000.00",0
Ultra Lotto 6/58,11-20-58-31-44-35,1/19/2024,"54,185,461.00",0
Ultra Lotto 6/58,01-46-33-43-24-17,1/21/2024,"60,188,455.20",0
Ultra Lotto 6/58,44-37-47-25-31-30,1/23/2024,"65,314,313.20",0
Ultra Lotto 6/58,25-33-09-50-38-06,1/26/2024,"71,785,360.40",0
Ultra Lotto 6/58,51-18-54-10-49-35,1/28/2024,"77,715,126.20",0
Ultra Lotto 6/58,36-51-01-56-04-42,1/30/2024,"82,751,259.00",0
Ultra Lotto 6/58,51-30-21-14-44-28,2/2/2024,"89,501,573.60",0
Ultra Lotto 6/58,27-50-21-08-53-32,2/4/2024,"95,688,235.40",0
Ultra Lotto 6/58,11-20-53-50-19-55,2/6/2024,"101,741,658.80",0
Ultra Lotto 6/58,11-12-15-29-25-10,2/9/2024,"108,898,122.40",0
Ultra Lotto 6/58,01-29-51-45-40-57,2/11/2024,"115,708,499.60",0
Ultra Lotto 6/58,04-14-51-56-15-29,2/13/2024,"122,079,299.20",0
Ultra Lotto 6/58,29-03-07-11-17-58,2/16/2024,"129,732,562.40",0
Ultra Lotto 6/58,55-01-20-03-58-10,2/18/2024,"137,271,570.80",0
Ultra Lotto 6/58,43-08-32-01-10-42,2/20/2024,"144,244,941.60",0
Ultra Lotto 6/58,29-55-36-58-10-50,2/23/2024,"151,920,834.00",0
Ultra Lotto 6/58,06-33-48-56-27-35,2/25/2024,"159,479,545.60",0
Ultra Lotto 6/58,09-14-37-22-13-20,2/27/2024,"166,577,603.60",0
Ultra Lotto 6/58,04-07-57-05-54-47,3/1/2024,"175,160,965.20",1
Ultra Lotto 6/58,56-57-24-09-30-31,3/3/2024,"49,500,000.00",0
Ultra Lotto 6/58,55-52-53-58-45-42,3/5/2024,"49,500,000.00",0
Ultra Lotto 6/58,25-29-36-31-34-03,3/8/2024,"49,500,000.00",0
Ultra Lotto 6/58,40-50-42-53-08-03,3/10/2024,"49,500,000.00",0
Ultra Lotto 6/58,21-33-02-46-34-47,3/12/2024,"49,500,000.00",0
Ultra Lotto 6/58,54-02-27-26-11-17,3/15/2024,"49,500,000.00",0
Ultra Lotto 6/58,48-30-06-37-52-14,3/17/2024,"49,500,000.00",0
Ultra Lotto 6/58,33-45-13-38-56-42,3/19/2024,"49,500,000.00",0
Ultra Lotto 6/58,13-05-47-49-08-54,3/22/2024,"49,500,000.00",0
Ultra Lotto 6/58,25-32-10-22-17-57,3/24/2024,"49,500,000.00",0
Ultra Lotto 6/58,23-26-48-01-25-31,3/26/2024,"49,500,000.00",0
Ultra Lotto 6/58,33-17-07-18-50-57,4/2/2024,"49,500,000.00",0
Ultra Lotto 6/58,39-52-26-43-54-32,4/5/2024,"52,060,965.20",0
Ultra Lotto 6/58,55-52-20-26-24-02,4/7/2024,"56,199,949.20",0
Ultra Lotto 6/58,28-57-34-17-35-19,4/9/2024,"59,695,583.00",0
Ultra Lotto 6/58,30-33-56-58-41-13,4/12/2024,"64,186,980.20",0
Ultra Lotto 6/58,52-03-48-42-28-02,4/14/2024,"68,605,140.20",0
Ultra Lotto 6/58,43-44-37-42-55-38,4/16/2024,"73,034,813.40",0
Ultra Lotto 6/58,14-02-33-15-27-45,4/19/2024,"78,030,644.40",0
Ultra Lotto 6/58,57-30-22-39-19-18,4/21/2024,"82,971,354.80",0
Ultra Lotto 6/58,31-07-48-15-45-47,4/23/2024,"87,463,985.20",0
Ultra Lotto 6/58,02-24-22-47-49-21,4/26/2024,"93,131,368.00",0
Ultra Lotto 6/58,46-32-52-15-20-21,4/28/2024,"98,293,493.40",0
Ultra Lotto 6/58,09-56-36-07-55-54,4/30/2024,"103,439,627.60",1
Ultra Lotto 6/58,32-30-08-03-51-06,5/3/2024,"49,500,000.00",0
Ultra Lotto 6/58,04-48-28-17-22-33,5/5/2024,"49,500,000.00",0
Ultra Lotto 6/58,35-11-09-40-55-19,5/7/2024,"49,500,000.00",0
Ultra Lotto 6/58,51-56-06-38-54-39,5/10/2024,"49,500,000.00",0
Ultra Lotto 6/58,50-56-05-44-29-53,5/12/2024,"49,500,000.00",0
Ultra Lotto 6/58,54-26-48-31-30-27,5/14/2024,"49,500,000.00",0
Ultra Lotto 6/58,16-48-44-56-46-38,5/17/2024,"49,500,000.00",0
Ultra Lotto 6/58,02-56-44-24-27-40,5/19/2024,"49,500,000.00",0
Ultra Lotto 6/58,46-05-13-40-01-29,5/21/2024,"49,500,000.00",0
Ultra Lotto 6/58,06-10-33-29-41-26,5/24/2024,"49,500,000.00",0
Ultra Lotto 6/58,56-21-44-25-49-58,5/26/2024,"49,500,000.00",0
Ultra Lotto 6/58,16-47-40-14-21-22,5/28/2024,"49,500,000.00",0
Ultra Lotto 6/58,36-08-40-47-55-17,5/31/2024,"49,818,440.00",0
Ultra Lotto 6/58,12-42-19-58-01-26,6/2/2024,"53,819,666.00",0
Ultra Lotto 6/58,02-47-04-25-21-41,6/4/2024,"57,514,250.00",0
Ultra Lotto 6/58,13-21-11-14-40-37,6/7/2024,"62,071,585.00",0
Ultra Lotto 6/58,49-32-02-03-04-34,6/9/2024,"66,355,332.20",0
Ultra Lotto 6/58,39-23-50-48-55-37,6/11/2024,"126,000,000.00",0
Ultra Lotto 6/58,13-54-48-41-10-46,6/14/2024,"132,415,860.00",0
Ultra Lotto 6/58,46-36-58-02-50-19,6/16/2024,"138,242,942.80",0
Ultra Lotto 6/58,57-02-33-27-07-29,6/18/2024,"143,502,685.20",0
Ultra Lotto 6/58,08-24-15-44-04-58,6/21/2024,"150,307,791.20",1
Ultra Lotto 6/58,53-17-51-50-01-28,6/23/2024,"49,500,000.00",0
Ultra Lotto 6/58,20-58-46-19-24-42,6/25/2024,"49,500,000.00",0
Ultra Lotto 6/58,44-18-04-01-42-58,6/28/2024,"49,500,000.00",0
Ultra Lotto 6/58,50-41-04-05-34-47,6/30/2024,"49,500,000.00",0
Ultra Lotto 6/58,04-33-58-06-38-32,7/2/2024,"49,500,000.00",0
Ultra Lotto 6/58,19-09-52-49-16-27,7/5/2024,"49,500,000.00",0
Ultra Lotto 6/58,12-44-18-51-37-32,7/7/2024,"49,500,000.00",0
Ultra Lotto 6/58,01-31-21-32-30-43,7/9/2024,"49,500,000.00",0
Ultra Lotto 6/58,20-55-35-51-52-38,7/12/2024,"49,500,000.00",0
Ultra Lotto 6/58,19-07-58-53-44-38,7/14/2024,"49,500,000.00",0
Ultra Lotto 6/58,05-28-35-42-29-07,7/16/2024,"49,500,000.00",0
Ultra Lotto 6/58,06-32-16-47-10-05,7/19/2024,"49,500,000.00",0
Ultra Lotto 6/58,38-27-49-23-32-13,7/21/2024,"49,500,000.00",0
Ultra Lotto 6/58,05-01-56-33-11-09,7/23/2024,"49,500,000.00",0
Ultra Lotto 6/58,22-11-05-14-43-12,7/26/2024,"52,695,800.40",0
Ultra Lotto 6/58,04-25-46-33-49-28,7/28/2024,"56,523,159.80",0
Ultra Lotto 6/58,39-31-52-56-42-01,7/30/2024,"60,040,125.40",0
Ultra Lotto 6/58,10-41-51-09-14-38,8/2/2024,"64,285,648.60",0
Ultra Lotto 6/58,54-12-56-17-03-28,8/4/2024,"68,493,966.40",0
Ultra Lotto 6/58,26-49-11-37-08-50,8/6/2024,"72,388,025.60",0
Ultra Lotto 6/58,10-40-07-19-34-47,8/9/2024,"77,302,034.00",0
Ultra Lotto 6/58,49-43-30-04-25-37,8/11/2024,"81,879,780.40",0
Ultra Lotto 6/58,41-56-25-01-10-24,8/13/2024,"85,994,367.00",0
Ultra Lotto 6/58,27-51-50-04-22-41,8/16/2024,"91,221,113.40",0
Ultra Lotto 6/58,32-52-29-48-31-07,8/18/2024,"96,264,094.00",0
Ultra Lotto 6/58,39-46-57-37-45-50,8/20/2024,"101,042,256.80",0
Ultra Lotto 6/58,39-46-07-23-45-44,8/23/2024,"107,123,131.60",0
Ultra Lotto 6/58,09-02-51-05-06-42,8/25/2024,"112,627,399.60",0
Ultra Lotto 6/58,40-53-24-45-50-10,8/27/2024,"118,007,420.40",0
Ultra Lotto 6/58,41-44-52-08-03-40,8/30/2024,"124,387,966.00",0
Ultra Lotto 6/58,06-56-41-33-35-17,9/1/2024,"130,468,867.20",0
Ultra Lotto 6/58,03-15-38-34-04-10,9/3/2024,"135,966,376.80",0
Ultra Lotto 6/58,53-45-18-41-40-13,9/6/2024,"142,668,861.60",0
Ultra Lotto 6/58,24-55-30-19-40-10,9/8/2024,"148,974,356.40",0
Ultra Lotto 6/58,22-33-25-17-58-42,9/10/2024,"155,046,536.80",0
Ultra Lotto 6/58,17-30-50-45-20-15,9/13/2024,"161,905,419.60",0
Ultra Lotto 6/58,31-22-19-43-37-05,9/15/2024,"168,722,286.80",0
Ultra Lotto 6/58,20-42-47-41-49-27,9/17/2024,"175,133,931.60",0
Ultra Lotto 6/58,34-01-31-26-28-55,9/20/2024,"182,375,680.40",0
Ultra Lotto 6/58,24-56-08-52-04-36,9/22/2024,"189,422,782.00",0
Ultra Lotto 6/58,24-22-32-45-48-43,9/24/2024,"195,999,171.60",0
Ultra Lotto 6/58,11-08-29-58-30-53,9/27/2024,"203,862,165.20",0
Ultra Lotto 6/58,20-40-26-46-38-01,9/29/2024,"211,813,673.60",0
Ultra Lotto 6/58,30-39-13-40-14-22,10/1/2024,"219,571,208.00",0
Ultra Lotto 6/58,46-19-11-40-41-16,10/4/2024,"228,127,654.80",0
Ultra Lotto 6/58,16-13-53-09-41-49,10/6/2024,"236,636,810.40",0
Ultra Lotto 6/58,18-37-17-40-34-57,10/8/2024,"244,874,068.00",0
Ultra Lotto 6/58,04-17-39-14-38-10,10/11/2024,"254,515,656.00",0
Ultra Lotto 6/58,57-39-49-31-19-14,10/13/2024,"263,618,490.40",0
Ultra Lotto 6/58,01-22-20-17-30-44,10/15/2024,"272,246,771.60",0
Ultra Lotto 6/58,30-25-47-09-53-40,10/18/2024,"282,500,496.40",0
Ultra Lotto 6/58,42-13-38-56-28-26,10/20/2024,"292,063,826.00",0
Ultra Lotto 6/58,57-26-13-02-15-46,10/22/2024,"300,921,452.80",0
Ultra Lotto 6/58,15-05-13-37-56-57,10/25/2024,"311,001,923.20",0
Ultra Lotto 6/58,07-24-13-16-10-02,10/27/2024,"321,384,493.20",1
Ultra Lotto 6/58,30-38-08-19-57-09,10/29/2024,"90,000,000.00",0
Ultra Lotto 6/58,27-05-22-02-45-26,11/1/2024,"93,646,473.00",0
Ultra Lotto 6/58,57-58-15-24-53-36,11/3/2024,"98,071,602.00",0
Ultra Lotto 6/58,42-58-37-51-02-38,11/5/2024,"101,900,031.60",0
Ultra Lotto 6/58,37-36-40-25-08-32,11/8/2024,"106,832,642.80",0
Ultra Lotto 6/58,51-26-24-46-43-27,11/10/2024,"111,695,351.20",0
Ultra Lotto 6/58,10-22-11-05-38-40,11/12/2024,"115,983,208.40",0
Ultra Lotto 6/58,06-07-26-17-24-56,11/15/2024,"122,677,993.20",0
Ultra Lotto 6/58,14-01-33-58-20-28,11/17/2024,"128,756,395.20",0
Ultra Lotto 6/58,18-02-36-33-49-05,11/19/2024,"135,367,602.00",0
Ultra Lotto 6/58,22-06-31-34-17-05,11/22/2024,"143,013,966.00",0
Ultra Lotto 6/58,31-56-15-51-30-14,11/24/2024,"150,367,501.20",0
Ultra Lotto 6/58,05-51-29-07-52-44,11/26/2024,"157,279,773.60",0
Ultra Lotto 6/58,16-32-12-55-23-05,11/29/2024,"165,219,542.80",0
Ultra Lotto 6/58,45-37-56-07-35-24,12/1/2024,"172,887,242.40",0
Ultra Lotto 6/58,12-06-45-07-51-01,12/3/2024,"180,441,043.60",0
Ultra Lotto 6/58,18-47-03-05-39-44,12/6/2024,"189,217,939.20",0
Ultra Lotto 6/58,44-05-30-50-29-57,12/8/2024,"197,188,438.00",0
Ultra Lotto 6/58,28-09-51-46-43-18,12/10/2024,"204,948,537.60",0
Ultra Lotto 6/58,56-52-58-36-45-44,12/13/2024,"214,147,155.60",0
Ultra Lotto 6/58,31-25-13-05-26-10,12/15/2024,"222,828,140.00",0
Ultra Lotto 6/58,04-32-55-28-05-34,12/17/2024,"231,449,016.00",0
Ultra Lotto 6/58,10-37-17-28-35-32,12/20/2024,"241,473,228.00",0
Ultra Lotto 6/58,42-20-04-48-06-49,12/22/2024,"251,299,365.20",0
Ultra Lotto 6/58,38-13-14-06-17-51,12/24/2024,"259,406,932.80",0
Ultra Lotto 6/58,55-21-02-19-28-15,12/27/2024,"270,763,112.80",0
Ultra Lotto 6/58,37-45-05-03-30-56,12/29/2024,"281,445,485.60",0
Ultra Lotto 6/58,11-40-20-12-19-01,12/31/2024,"290,664,568.00",0
Ultra Lotto 6/58,03-15-36-22-58-46,1/3/2025,"302,581,488.40",0
