DRAW DATE,COMBINATIONS
2/22/2015,47-05-17-16-57-58
2/27/2015,06-23-34-21-46-37
2/8/2015,57-05-53-42-18-55
2/13/2015,43-24-36-16-39-22
2/15/2015,32-53-05-18-34-29
2/20/2015,13-14-7-41-48-39
3/1/2015,06-42-13-40-11-39
3/6/2015,39-54-50-21-32-20
3/8/2015,17-26-38-43-01-02
3/15/2015,05-10-41-14-09-06
3/20/2015,12-29-43-06-10-58
3/22/2015,15-35-57-32-38-25
3/27/2015,29-46-16-55-38-44
3/29/2015,13-01-16-55-32-27
4/10/2015,46-41-36-12-05-11
4/12/2015,11-38-19-10-07-17
3/13/2015,55-51-26-40-18-43
4/17/2015,27-26-3-41-39-45
4/19/2015,31-48-20-58-25-43
4/24/2015,12-13-53-39-01-07
4/26/2015,08-38-40-16-26-04
5/1/2015,50-48-25-34-23-15
5/3/2015,43-30-52-46-17-20
5/8/2015,13-17-48-50-51-39
5/10/2015,47-43-39-23-36-51
5/15/2015,41-15-29-11-39-33
5/17/2015,09-03-14-53-57-01
5/22/2015,34-49-19-02-31-13
5/24/2015,21-11-56-38-18-20
5/29/2015,46-51-18-28-22-54
5/31/2015,37-52-54-45-51-35
6/5/2015,32-31-41-09-10-44
6/7/2015,13-23-57-44-25-07
6/12/2015,41-25-14-29-56-07
6/14/2015,45-11-04-31-32-29
6/19/2015,41-33-20-57-07-01
6/21/2015,04-10-21-47-19-27
6/26/2015,58-26-18-39-06-38
6/28/2015,23-10-50-43-32-03
7/3/2015,05-25-04-24-56-40
7/5/2015,43-35-56-03-53-48
7/10/2015,34-05-01-28-18-46
7/12/2015,08-12-44-02-18-27
7/17/2015,28-20-14-15-58-51
7/19/2015,12-41-23-09-38-25
7/24/2015,38-33-13-35-49-29
7/26/2015,22-13-38-53-48-25
7/31/2015,55-52-01-33-31-47
8/2/2015,48-40-24-27-11-29
8/7/2015,48-31-22-45-02-30
8/9/2015,54-39-42-20-29-40
8/14/2015,56-18-24-13-37-22
8/16/2015,53-29-19-51-26-33
8/21/2015,07-19-12-54-40-46
8/23/2015,38-40-50-17-37-22
8/28/2015,58-02-54-22-11-25
8/30/2015,21-06-57-56-30-33
9/4/2015,45-25-08-13-07-47
9/6/2015,09-55-07-33-19-28
9/13/2015,17-34-56-42-36-40
9/11/2015,45-13-49-53-16-40
9/18/2015,39-56-49-35-34-15
9/20/2015,11-43-04-09-13-30
9/25/2015,25-14-35-13-02-53
9/27/2015,06-34-18-49-54-04
10/2/2015,40-48-27-09-36-39
10/4/2015,10-24-38-12-50-08
10/9/2015,55-08-39-32-14-45
10/11/2015,38-10-42-13-25-46
10/16/2015,05-37-16-28-14-44
10/18/2015,54-19-15-03-20-50
10/23/2015,16-15-18-46-08-29
10/25/2015,49-04-46-34-19-56
10/30/2015,22-09-24-16-52-42
11/1/2015,22-03-27-41-43-36
11/6/2015,11-22-03-43-34-06
11/8/2015,48-52-14-58-23-38
11/13/2015,48-15-01-35-26-22
11/15/2015,20-01-04-40-51-02
11/20/2015,33-54-45-20-14-12
11/22/2015,15-48-31-04-43-13
11/27/2015,32-51-27-01-16-20
11/29/2015,19-51-38-17-43-04
12/4/2015,22-28-01-43-06-13
12/6/2015,38-33-11-25-54-41
12/11/2015,08-55-11-33-05-10
12/13/2015,50-52-09-33-08-31
12/18/2015,53-30-54-41-43-26
12/20/2015,16-07-50-03-26-53
12/27/2015,13-27-23-11-01-09
1/3/2016,26-10-05-24-49-12
1/8/2016,38-35-33-08-49-52
1/10/2016,23-54-31-05-32-03
1/15/2016,22-16-45-56-54-39
1/17/2016,53-19-58-38-04-27
1/22/2016,37-14-25-09-46-31
1/24/2016,25-43-49-57-06-13
1/29/2016,44-12-54-33-04-53
1/31/2016,15-20-37-29-54-16
2/5/2016,35-06-48-58-33-50
2/7/2016,40-55-20-13-32-23
2/12/2016,47-30-49-27-46-42
2/14/2016,27-34-42-21-11-38
2/19/2016,10-03-01-51-44-13
2/21/2016,39-33-19-21-09-55
2/26/2016,44-58-09-41-23-35
2/28/2016,10-13-23-11-07-09
3/4/2016,36-41-03-06-15-26
3/6/2016,48-37-33-34-41-50
3/11/2016,25-07-36-39-31-30
3/13/2016,27-12-01-11-29-52
3/18/2016,33-04-48-44-19-38
3/20/2016,29-08-33-46-35-21
4/1/2016,47-25-20-44-06-55
4/3/2016,36-39-33-01-11-50
4/8/2016,40-41-01-25-28-44
4/10/2016,53-48-44-04-46-11
4/15/2016,07-53-13-50-22-01
4/17/2016,34-19-33-39-06-49
4/22/2016,02-51-40-33-20-13
4/24/2016,36-35-51-38-46-30
4/29/2016,35-56-30-46-57-08
5/1/2016,27-41-15-52-39-04
5/6/2016,38-23-55-17-51-08
5/8/2016,49-52-22-01-46-41
5/13/2016,08-12-09-50-13-46
5/15/2016,41-21-13-52-36-06
5/20/2016,05-42-34-49-33-52
5/22/2016,31-40-42-51-06-18
5/27/2016,11-50-56-53-12-09
5/29/2016,06-44-36-54-32-29
6/3/2016,13-02-25-06-03-49
6/5/2016,22-05-07-25-53-32
6/10/2016,39-19-54-06-22-12
6/12/2016,50-03-49-13-58-34
6/17/2016,16-58-33-35-02-50
6/19/2016,45-46-07-03-49-58
6/24/2016,51-49-25-40-31-45
6/26/2016,11-53-02-29-01-09
7/1/2016,36-47-04-03-20-28
7/3/2016,54-23-32-04-14-38
7/8/2016,11-27-51-02-16-41
7/10/2016,44-39-43-10-07-23
7/15/2016,06-21-57-31-53-02
7/17/2016,39-05-11-26-16-28
7/22/2016,09-47-04-20-52-05
7/24/2016,10-30-22-34-50-28
7/29/2016,20-55-14-22-18-30
7/31/2016,21-27-55-47-46-19
8/5/2016,02-09-06-30-52-08
8/7/2016,55-36-33-30-53-32
8/12/2016,50-19-25-15-51-14
8/14/2016,05-54-48-17-01-39
8/19/2016,07-38-40-31-53-30
8/21/2016,24-10-42-30-25-13
8/26/2016,38-37-57-22-30-53
8/28/2016,20-12-02-03-15-22
9/2/2016,48-34-36-16-27-35
9/4/2016,13-47-26-28-01-48
9/9/2016,29-27-34-47-04-12
9/11/2016,11-15-20-08-49-37
9/16/2016,23-41-13-46-43-58
9/18/2016,13-51-12-02-06-36
9/23/2016,32-56-27-57-15-09
9/25/2016,56-50-52-14-21-25
9/30/2016,51-49-47-25-39-05
10/2/2016,29-01-44-38-28-32
10/7/2016,56-45-33-54-52-18
10/9/2016,37-16-13-44-54-25
10/14/2016,49-31-25-52-53-33
10/16/2016,04-03-35-56-39-05
10/21/2016,51-46-43-47-12-32
10/23/2016,26-44-04-57-21-54
10/28/2016,46-32-02-57-15-03
10/30/2016,01-34-41-02-10-21
11/4/2016,58-06-25-47-38-41
11/6/2016,54-48-58-42-21-15
11/11/2016,08-51-07-32-37-17
11/13/2016,15-02-31-58-56-22
11/18/2016,43-42-29-10-41-04
11/20/2016,58-53-26-42-54-28
11/25/2016,46-32-10-56-27-48
11/27/2016,04-31-13-36-24-53
12/2/2016,17-40-58-27-47-05
12/4/2016,30-02-17-42-01-03
12/9/2016,55-23-29-22-53-41
12/11/2016,44-33-05-52-50-58
12/16/2016,19-34-58-28-08-36
12/18/2016,08-56-07-43-13-17
12/23/2016,40-14-34-45-20-36
12/30/2016,38-58-23-42-34-08
1/6/2017,21-17-54-47-08-02
1/8/2017,40-50-46-44-08-12
1/13/2017,45-19-06-07-08-22
1/15/2017,22-52-43-54-04-18
1/20/2017,40-43-39-21-52-46
1/22/2017,39-09-30-20-34-01
1/27/2017,05-41-53-12-16-46
1/29/2017,23-47-34-14-52-57
2/3/2017,17-30-06-13-43-31
2/5/2017,47-06-36-48-10-25
2/10/2017,12-05-01-18-22-35
2/12/2017,32-47-18-26-57-58
2/14/2017,03-34-06-13-07-19
2/17/2017,41-44-08-26-15-01
2/19/2017,09-03-40-53-27-20
2/21/2017,35-48-29-56-17-33
2/24/2017,49-22-39-42-25-47
2/26/2017,11-34-46-02-27-45
2/28/2017,11-26-20-19-56-31
3/3/2017,17-36-44-32-19-33
3/5/2017,21-34-58-14-57-09
3/7/2017,28-10-50-38-36-24
3/10/2017,34-27-02-17-15-38
3/12/2017,16-02-10-09-54-35
3/14/2017,06-07-19-16-36-04
3/17/2017,19-24-58-15-09-14
3/19/2017,51-48-04-39-09-19
3/21/2017,24-53-10-38-04-49
3/24/2017,30-18-43-37-09-39
3/26/2017,39-17-44-01-12-13
3/28/2017,10-21-23-06-27-09
3/31/2017,01-03-43-16-08-24
4/2/2017,22-48-57-12-33-43
4/4/2017,23-21-30-26-44-34
4/7/2017,36-49-58-46-03-02
4/9/2017,57-24-45-50-25-40
4/11/2017,51-13-06-25-15-58
4/18/2017,03-06-24-15-18-38
4/21/2017,24-23-34-02-29-32
4/23/2017,47-09-06-48-56-17
4/25/2017,03-27-23-29-47-57
4/28/2017,14-44-46-56-31-16
4/30/2017,33-38-29-57-31-53
5/2/2017,22-34-25-23-18-33
5/5/2017,26-33-58-56-39-37
5/7/2017,31-52-44-57-21-45
5/9/2017,18-15-58-30-07-05
5/12/2017,02-16-11-49-18-03
5/14/2017,56-13-58-17-20-08
5/16/2017,08-26-48-41-47-39
5/19/2017,30-11-50-54-28-15
5/21/2017,05-08-45-09-46-36
5/23/2017,22-33-21-57-14-41
5/26/2017,58-47-43-22-44-12
5/28/2017,36-17-39-35-40-11
5/30/2017,03-21-54-15-20-12
6/2/2017,47-32-53-02-45-11
6/4/2017,29-28-10-36-33-03
6/6/2017,09-04-08-23-29-16
6/9/2017,16-06-23-36-20-56
6/11/2017,23-03-14-56-58-04
6/13/2017,08-52-20-19-48-36
6/16/2017,31-50-06-12-16-40
6/18/2017,39-34-28-45-20-50
6/20/2017,22-24-23-54-46-43
6/23/2017,36-32-25-51-43-31
6/25/2017,51-28-36-01-40-56
6/27/2017,46-57-38-34-43-10
6/30/2017,03-42-38-33-30-47
7/2/2017,58-29-26-14-52-51
7/4/2017,51-53-16-32-41-40
7/7/2017,15-38-22-52-56-02
7/9/2017,45-21-16-20-38-29
7/11/2017,52-29-28-05-33-41
7/14/2017,14-36-08-34-50-53
7/16/2017,54-51-43-38-09-56
7/18/2017,45-46-25-39-01-42
7/21/2017,07-14-36-08-42-27
7/23/2017,52-08-27-14-19-53
7/25/2017,04-56-35-38-57-49
7/28/2017,44-29-15-50-39-54
7/30/2017,20-55-47-52-12-57
8/1/2017,53-14-23-02-58-20
8/4/2017,36-50-26-58-25-16
8/6/2017,54-08-45-07-23-19
8/8/2017,07-19-14-24-08-18
8/11/2017,16-31-44-02-51-13
8/13/2017,03-47-30-35-16-08
8/15/2017,07-54-14-10-04-49
8/18/2017,48-44-50-56-08-07
8/20/2017,21-05-55-51-30-34
8/22/2017,50-16-22-14-09-47
8/25/2017,35-06-01-41-40-42
8/27/2017,40-08-49-11-02-29
8/29/2017,19-06-26-43-33-40
9/1/2017,32-06-35-50-30-14
9/3/2017,30-16-04-17-41-01
9/5/2017,03-27-17-12-20-06
9/8/2017,31-03-52-34-22-15
9/10/2017,34-37-39-26-23-10
9/12/2017,52-17-58-09-19-10
9/15/2017,02-27-24-04-50-46
9/17/2017,10-17-03-35-50-44
9/19/2017,57-06-47-36-52-56
9/22/2017,23-33-02-47-40-06
9/24/2017,17-54-29-13-08-10
9/26/2017,01-15-26-55-21-11
9/29/2017,54-13-06-23-01-15
10/1/2017,40-57-02-41-47-27
10/3/2017,36-37-17-54-22-25
10/6/2017,42-32-27-10-15-03
10/8/2017,07-37-24-08-32-22
10/10/2017,56-11-14-46-58-47
10/13/2017,54-37-53-29-41-50
10/15/2017,14-02-04-57-05-17
10/17/2017,07-41-34-12-10-36
10/20/2017,26-43-24-35-14-57
10/22/2017,11-10-03-29-02-25
10/24/2017,08-34-02-38-30-57
10/27/2017,23-46-54-29-24-07
10/29/2017,04-21-12-47-09-42
10/31/2017,19-54-28-06-32-26
11/3/2017,46-25-58-44-41-19
11/5/2017,55-48-54-51-45-50
11/7/2017,57-04-02-38-21-44
11/10/2017,35-47-43-40-10-14
11/12/2017,12-44-14-18-31-16
11/14/2017,11-18-23-10-41-34
11/17/2017,17-12-51-26-21-08
11/19/2017,14-51-49-27-24-22
11/21/2017,22-58-54-51-10-27
11/24/2017,45-08-33-12-17-58
11/26/2017,10-52-30-41-12-06
11/28/2017,12-42-09-52-55-06
12/1/2017,03-52-30-17-08-01
12/3/2017,15-40-43-14-47-23
12/5/2017,39-57-01-20-40-22
12/8/2017,13-51-28-05-44-04
12/10/2017,45-53-22-24-47-05
12/12/2017,26-49-22-03-41-44
12/15/2017,51-39-38-43-25-02
12/17/2017,22-35-45-40-37-26
12/19/2017,13-50-08-45-07-16
12/22/2017,51-22-32-43-19-02
12/24/2017,57-37-35-05-49-36
12/26/2017,22-41-09-44-35-46
12/29/2017,15-57-01-12-24-09
12/31/2017,43-06-14-24-15-25
1/2/2018,33-39-10-26-07-32
1/5/2018,21-57-26-29-16-04
1/7/2018,56-45-39-35-42-14
1/9/2018,39-12-31-16-29-17
1/12/2018,24-10-18-40-33-01
1/14/2018,15-53-55-12-34-14
1/16/2018,01-41-31-13-29-24
1/19/2018,50-32-15-53-29-52
1/21/2018,12-40-21-44-57-28
1/23/2018,19-17-13-53-56-15
1/26/2018,07-57-51-08-53-16
1/28/2018,09-49-47-43-16-42
1/30/2018,07-10-13-15-03-55
2/2/2018,56-34-53-01-28-46
2/4/2018,48-57-13-51-02-15
2/6/2018,57-53-39-50-35-18
2/9/2018,46-07-17-01-41-34
2/11/2018,28-49-46-32-29-54
2/13/2018,33-05-38-51-52-10
2/16/2018,15-31-28-25-42-11
2/18/2018,05-20-43-25-48-35
2/20/2018,32-18-33-08-01-29
2/23/2018,17-01-08-24-39-07
2/25/2018,53-30-47-54-02-35
2/27/2018,19-17-23-06-54-27
3/2/2018,28-39-46-22-25-26
3/4/2018,58-26-11-51-43-39
3/6/2018,57-56-17-36-18-07
3/9/2018,44-06-01-53-45-27
3/11/2018,13-11-16-40-55-25
3/13/2018,49-09-30-50-33-04
3/16/2018,42-55-46-30-02-58
3/18/2018,15-39-38-13-34-51
3/20/2018,31-18-06-48-15-58
3/23/2018,16-54-41-06-29-46
3/25/2018,49-25-01-22-34-08
3/27/2018,21-38-24-16-22-50
4/3/2018,14-46-17-05-06-26
4/6/2018,18-48-36-07-20-16
4/8/2018,14-25-35-31-48-08
4/10/2018,31-15-30-13-53-04
4/13/2018,47-20-08-15-34-50
4/15/2018,24-37-15-53-05-49
4/17/2018,15-18-27-40-37-42
4/20/2018,53-04-45-30-12-29
4/22/2018,24-18-37-11-02-51
4/24/2018,04-54-51-55-30-06
4/27/2018,11-03-30-37-38-41
4/29/2018,58-15-37-46-01-44
5/1/2018,48-28-51-15-39-42
5/4/2018,11-15-56-38-53-45
5/6/2018,07-34-51-06-10-21
5/8/2018,19-27-07-46-18-53
5/11/2018,51-31-22-19-02-32
5/13/2018,46-11-21-24-19-57
5/15/2018,32-15-23-10-18-22
5/18/2018,25-26-36-03-33-56
5/20/2018,09-23-07-37-32-40
5/22/2018,32-57-01-49-09-19
5/25/2018,34-14-19-22-10-43
5/27/2018,34-45-14-40-01-13
5/29/2018,25-49-10-37-26-06
6/1/2018,26-08-43-22-27-12
6/3/2018,01-53-27-11-43-18
6/5/2018,44-35-39-34-03-50
6/8/2018,49-31-39-05-41-43
6/10/2018,54-22-17-08-48-05
6/12/2018,48-18-57-09-28-53
6/15/2018,07-56-37-17-49-11
6/17/2018,46-01-05-11-07-21
6/19/2018,49-57-52-28-03-06
6/22/2018,03-22-52-50-47-44
6/24/2018,17-24-10-58-25-11
6/26/2018,55-34-16-31-40-23
6/29/2018,01-19-13-29-51-04
7/1/2018,31-24-45-19-34-52
7/3/2018,07-57-50-01-10-02
7/6/2018,56-26-04-51-49-18
7/8/2018,35-17-28-33-22-25
7/10/2018,47-15-48-03-35-56
7/13/2018,02-51-32-47-17-24
7/15/2018,55-29-31-57-14-20
7/17/2018,22-03-57-58-54-14
7/20/2018,24-06-55-03-28-27
7/22/2018,45-50-34-02-43-11
7/24/2018,51-37-40-07-29-05
7/27/2018,43-24-06-25-28-40
7/29/2018,39-09-56-26-29-34
7/31/2018,14-03-51-32-21-48
8/3/2018,53-26-15-45-46-03
8/5/2018,47-16-29-51-18-54
8/7/2018,31-07-34-14-39-50
8/10/2018,38-35-37-15-56-45
8/12/2018,01-13-42-24-53-56
8/14/2018,16-43-31-44-18-37
8/17/2018,43-19-36-17-07-44
8/19/2018,16-17-15-05-23-54
8/21/2018,53-10-52-19-08-58
8/24/2018,04-27-49-16-47-41
8/26/2018,43-54-39-14-46-36
8/28/2018,28-29-08-40-33-04
8/31/2018,03-30-38-19-54-07
9/2/2018,41-51-28-30-54-24
9/4/2018,07-08-41-25-13-30
9/7/2018,17-06-55-54-20-27
9/9/2018,24-35-56-38-28-42
9/11/2018,33-30-03-43-18-19
9/14/2018,52-32-55-17-07-40
9/16/2018,34-15-39-53-36-43
9/18/2018,04-35-50-08-47-44
9/21/2018,06-47-41-55-28-10
9/23/2018,58-08-34-29-35-38
9/25/2018,50-21-51-19-53-48
9/28/2018,46-25-55-26-50-57
9/30/2018,34-30-32-20-03-23
10/2/2018,30-41-53-04-02-54
10/5/2018,01-30-27-36-49-12
10/7/2018,45-21-02-30-07-10
10/9/2018,12-16-46-03-38-36
10/12/2018,28-14-54-50-17-27
10/14/2018,40-50-37-25-01-45
10/16/2018,33-23-07-46-22-20
10/19/2018,03-25-22-55-33-41
10/21/2018,14-16-52-53-20-11
10/23/2018,07-26-43-08-53-06
10/26/2018,38-15-04-03-41-50
10/28/2018,08-34-45-20-36-16
10/30/2018,22-06-48-10-49-11
11/2/2018,27-05-54-25-44-16
11/4/2018,35-42-06-53-03-17
11/6/2018,43-58-21-54-23-22
11/9/2018,36-56-49-34-42-45
11/11/2018,51-46-24-55-17-27
11/13/2018,23-14-18-16-30-37
11/16/2018,13-12-01-41-21-45
11/18/2018,37-39-05-35-41-12
11/20/2018,21-44-28-55-16-29
11/23/2018,36-25-06-18-54-26
11/25/2018,30-39-48-11-13-26
11/27/2018,10-06-56-15-25-34
11/30/2018,50-14-21-22-20-24
12/2/2018,31-14-37-53-07-36
12/4/2018,07-01-25-13-11-38
12/7/2018,17-37-11-08-52-48
12/9/2018,51-21-12-36-55-30
12/11/2018,17-13-38-04-24-39
12/14/2018,25-56-42-26-31-49
12/16/2018,52-45-18-01-49-36
12/18/2018,36-35-47-38-13-06
12/21/2018,32-09-29-26-20-56
12/23/2018,35-25-48-24-38-39
12/28/2018,03-37-51-14-46-06
12/30/2018,01-09-50-56-51-28
1/4/2019,37-22-05-32-13-17
1/6/2019,52-45-24-05-14-44
1/8/2019,45-50-30-35-49-52
1/11/2019,07-21-23-39-25-18
1/13/2019,43-55-15-02-29-56
1/15/2019,18-21-54-03-23-47
1/18/2019,29-12-39-42-34-08
1/20/2019,42-06-39-45-05-11
1/22/2019,24-21-15-56-07-37
1/25/2019,27-15-34-20-22-18
1/27/2019,44-53-39-43-38-07
1/29/2019,22-30-23-52-14-38
2/1/2019,28-40-25-54-52-36
2/3/2019,15-10-57-27-09-28
2/5/2019,43-19-33-11-13-48
2/8/2019,21-28-57-39-19-20
2/10/2019,12-52-45-25-03-28
2/12/2019,25-53-45-08-29-26
2/15/2019,48-56-12-10-55-42
2/17/2019,31-33-05-10-32-43
2/19/2019,55-31-42-33-11-47
2/22/2019,20-51-06-10-11-16
2/24/2019,16-06-07-09-05-45
2/26/2019,42-10-21-25-04-08
3/1/2019,41-42-54-03-08-25
3/3/2019,11-46-12-20-36-22
3/5/2019,56-13-25-46-11-39
3/8/2019,25-45-03-30-24-48
3/10/2019,24-52-25-15-41-08
3/12/2019,03-27-37-35-30-08
3/15/2019,24-47-05-02-16-01
3/17/2019,38-31-30-15-05-13
3/19/2019,18-04-47-39-16-22
3/22/2019,23-45-13-56-39-57
3/24/2019,20-41-16-07-05-45
3/26/2019,09-51-55-53-32-54
3/29/2019,02-48-28-37-20-39
3/31/2019,13-17-35-38-18-43
4/2/2019,17-34-38-33-26-09
4/5/2019,06-49-51-29-41-10
4/7/2019,13-01-24-12-23-45
4/9/2019,23-39-51-19-10-40
4/12/2019,44-10-40-04-19-26
4/14/2019,18-13-28-23-19-14
4/16/2019,36-25-26-17-30-13
4/23/2019,29-43-35-28-24-45
4/26/2019,30-17-11-53-51-48
4/28/2019,12-07-33-08-14-50
4/30/2019,22-06-10-49-33-11
5/3/2019,32-40-54-22-05-34
5/5/2019,16-21-47-14-46-44
5/7/2019,22-46-26-36-30-10
5/10/2019,09-49-18-50-27-06
5/12/2019,06-17-04-26-08-15
5/14/2019,42-13-37-22-34-45
5/17/2019,21-19-36-09-20-07
5/19/2019,57-48-41-20-53-55
5/21/2019,19-09-35-24-20-07
5/24/2019,34-18-17-57-04-20
5/26/2019,46-28-04-05-45-09
5/28/2019,18-16-45-27-17-44
5/31/2019,33-04-38-35-56-47
6/2/2019,54-05-13-56-28-37
6/4/2019,50-03-54-07-26-29
6/7/2019,35-24-32-02-56-30
6/9/2019,23-45-34-52-16-31
6/11/2019,53-40-48-21-13-57
6/14/2019,04-27-57-46-13-07
6/16/2019,58-33-46-24-25-37
6/18/2019,18-05-43-11-58-44
6/21/2019,56-52-43-06-53-25
6/23/2019,43-36-07-24-41-55
6/25/2019,36-49-27-55-32-33
6/28/2019,10-04-52-18-37-16
6/30/2019,06-23-15-55-21-16
7/2/2019,57-38-19-35-23-04
7/5/2019,40-14-12-52-16-18
7/7/2019,07-11-04-51-10-53
7/9/2019,09-29-53-47-19-27
7/12/2019,19-16-20-27-03-32
7/14/2019,20-18-54-47-39-42
7/16/2019,53-24-58-55-18-21
7/19/2019,47-31-12-22-32-23
7/21/2019,06-17-16-03-26-34
7/23/2019,26-08-20-31-17-14
7/26/2019,19-31-46-50-55-11
7/28/2019,53-56-03-34-46-52
7/30/2019,03-16-08-02-53-10
8/2/2019,41-11-17-45-34-37
8/4/2019,01-12-43-05-41-02
8/6/2019,29-09-08-55-07-24
8/9/2019,29-20-11-44-09-26
8/11/2019,46-05-32-31-12-27
8/13/2019,51-16-10-02-04-32
8/16/2019,52-50-51-14-37-54
8/18/2019,56-42-52-27-38-22
8/20/2019,12-47-09-06-20-35
8/23/2019,45-22-16-56-43-19
8/25/2019,43-13-10-09-15-17
8/27/2019,39-57-47-18-41-31
8/30/2019,54-14-15-35-55-34
9/1/2019,40-27-54-38-30-24
9/3/2019,43-49-14-55-44-33
9/6/2019,43-57-50-12-49-19
9/8/2019,56-53-49-40-20-07
9/10/2019,30-13-09-11-47-01
9/13/2019,44-49-42-18-20-04
9/15/2019,08-34-55-31-01-11
9/17/2019,21-26-38-10-19-36
9/20/2019,58-05-01-14-09-36
9/22/2019,10-05-02-24-49-58
9/24/2019,15-39-10-05-21-55
9/27/2019,47-56-46-58-54-37
9/29/2019,08-24-37-23-26-40
10/1/2019,09-02-35-11-52-06
10/4/2019,22-52-08-45-02-41
10/6/2019,23-11-12-42-08-45
10/8/2019,40-52-14-45-21-38
10/11/2019,55-16-17-09-52-20
10/13/2019,13-31-17-22-35-36
10/15/2019,13-23-09-58-38-14
10/18/2019,55-37-11-21-18-45
10/20/2019,45-43-02-47-13-58
10/22/2019,14-25-54-45-35-36
10/25/2019,34-44-13-30-29-54
10/25/2019,34-44-13-30-29-54
10/27/2019,06-03-39-38-43-34
10/29/2019,02-37-50-26-22-10
11/1/2019,10-18-14-23-03-54
11/3/2019,37-13-31-22-28-16
11/5/2019,11-49-32-08-45-52
11/8/2019,54-31-08-22-52-32
11/10/2019,22-07-33-54-13-15
11/12/2019,11-43-53-28-15-49
11/15/2019,56-21-19-32-39-41
11/17/2019,15-55-02-12-35-14
11/19/2019,15-55-17-01-06-20
11/22/2019,01-02-25-32-31-50
11/24/2019,41-28-27-44-14-57
11/26/2019,58-46-45-52-25-54
11/29/2019,19-36-26-21-27-08
12/1/2019,55-44-05-16-15-54
12/3/2019,39-46-55-02-52-44
12/6/2019,11-41-55-58-10-17
12/8/2019,45-36-19-55-03-32
12/10/2019,34-30-35-09-18-21
12/13/2019,08-37-22-01-31-55
12/15/2019,01-45-44-46-10-05
12/17/2019,54-49-35-40-37-05
12/20/2019,41-09-15-19-58-44
12/22/2019,55-25-17-57-11-50
12/24/2019,36-37-51-14-04-15
12/27/2019,08-56-18-37-58-23
12/29/2019,27-28-40-45-43-14
12/31/2019,28-21-14-52-46-29
1/3/2020,50-18-51-38-57-30
1/5/2020,24-19-40-53-09-07
1/7/2020,54-46-02-41-47-03
1/10/2020,22-16-32-20-51-09
1/12/2020,43-35-38-13-23-22
1/14/2020,09-04-21-34-15-37
1/17/2020,14-11-21-09-16-17
1/19/2020,10-01-39-05-28-15
1/21/2020,27-50-42-52-15-34
1/24/2020,38-34-30-06-44-21
1/26/2020,01-03-29-41-24-48
1/28/2020,26-51-36-37-41-57
1/31/2020,55-18-01-16-52-03
2/2/2020,02-41-09-06-55-24
2/4/2020,22-49-42-20-40-05
2/7/2020,22-16-29-26-19-39
2/9/2020,14-07-43-54-42-31
2/11/2020,38-34-23-50-58-33
2/14/2020,41-55-14-46-04-10
2/16/2020,55-17-33-38-45-30
2/18/2020,47-23-31-56-42-01
2/21/2020,41-43-14-35-52-50
2/23/2020,17-54-22-11-45-26
2/25/2020,46-14-25-29-57-45
2/28/2020,46-56-55-52-14-37
3/1/2020,40-14-41-20-52-36
3/3/2020,47-11-32-45-34-29
3/6/2020,26-53-10-24-49-12
3/8/2020,09-38-17-54-16-53
3/10/2020,57-30-07-29-40-13
3/13/2020,45-08-49-04-07-13
3/15/2020,52-12-43-08-25-26
3/17/2020,43-15-21-17-27-54
3/20/2020,36-30-01-33-28-21
3/22/2020,44-35-09-56-19-32
3/24/2020,23-55-15-10-27-43
3/27/2020,39-51-15-06-48-41
3/29/2020,49-38-57-29-19-23
8/7/2020,50-41-56-01-08-13
8/9/2020,13-10-55-48-12-06
8/11/2020,06-02-49-40-33-23
8/14/2020,01-02-56-08-17-40
8/16/2020,22-51-32-18-33-26
8/18/2020,08-41-50-18-34-09
8/21/2020,28-39-02-24-17-16
8/23/2020,15-40-07-03-13-09
8/25/2020,02-51-20-16-19-56
8/28/2020,14-10-05-13-56-53
8/30/2020,02-01-26-14-28-46
9/1/2020,49-38-23-12-20-56
9/4/2020,26-46-04-48-08-44
9/6/2020,18-19-28-09-01-11
9/8/2020,25-11-51-46-42-45
9/11/2020,20-36-38-42-58-47
9/13/2020,18-03-25-37-27-52
9/15/2020,21-02-10-38-14-19
9/18/2020,50-29-56-57-03-47
9/20/2020,36-51-47-24-53-15
9/22/2020,22-28-55-09-57-32
9/25/2020,40-24-36-14-10-16
9/27/2020,52-45-54-41-18-35
9/29/2020,39-32-41-50-13-08
10/2/2020,01-49-34-19-06-27
10/4/2020,51-46-14-07-38-16
10/6/2020,20-04-18-29-14-44
10/9/2020,42-03-31-01-22-51
10/11/2020,54-11-38-19-32-21
10/13/2020,38-55-45-49-20-26
10/16/2020,36-07-03-40-58-38
10/18/2020,33-13-39-10-01-05
10/20/2020,07-33-34-51-04-16
10/23/2020,37-49-19-51-04-54
10/25/2020,01-14-47-30-57-39
10/27/2020,52-55-56-20-57-45
10/30/2020,01-02-38-24-11-06
11/1/2020,09-43-17-25-19-47
11/3/2020,42-17-53-05-55-43
11/6/2020,48-21-44-04-41-16
11/8/2020,36-33-05-34-35-42
11/10/2020,13-27-41-04-37-40
11/13/2020,02-27-34-15-38-52
11/15/2020,39-05-08-26-50-10
11/17/2020,04-30-22-06-17-40
11/20/2020,11-32-09-55-01-41
11/22/2020,53-12-38-55-07-02
11/24/2020,25-07-47-34-05-40
11/27/2020,30-35-52-12-23-47
11/29/2020,50-57-17-41-11-42
12/1/2020,49-52-40-48-43-54
12/4/2020,02-29-35-43-26-18
12/6/2020,19-09-52-55-31-54
12/8/2020,20-26-22-49-51-07
12/11/2020,18-13-16-01-17-31
12/13/2020,55-15-03-35-07-24
12/15/2020,33-47-55-32-03-57
12/18/2020,08-49-52-42-31-55
12/20/2020,34-38-46-22-48-52
12/22/2020,09-45-51-15-42-36
12/27/2020,21-57-33-32-39-49
12/29/2020,19-38-48-30-06-46
1/3/2021,29-06-19-38-27-58
1/5/2021,28-01-05-30-15-32
1/8/2021,52-26-50-44-06-45
1/10/2021,22-30-28-39-05-19
1/12/2021,38-54-47-48-42-25
1/15/2021,07-53-54-09-50-29
1/17/2021,39-29-17-05-37-01
1/19/2021,20-46-48-44-10-50
1/22/2021,19-07-56-24-28-43
1/24/2021,57-21-47-33-27-05
1/26/2021,02-42-11-29-56-21
1/29/2021,34-10-26-04-42-21
1/31/2021,11-05-19-49-17-35
2/2/2021,37-29-33-51-42-13
2/5/2021,26-01-44-40-03-36
2/7/2021,11-12-01-56-48-38
2/9/2021,43-09-21-18-20-31
2/12/2021,24-09-32-41-29-22
2/14/2021,53-51-46-31-26-07
2/16/2021,04-35-07-26-23-14
2/19/2021,52-02-16-07-51-44
2/21/2021,47-21-38-01-28-03
2/23/2021,54-13-51-29-30-31
2/26/2021,49-31-45-40-53-08
2/28/2021,57-44-15-27-38-06
3/2/2021,57-04-14-49-31-41
3/5/2021,56-26-12-03-45-32
3/7/2021,49-04-38-40-13-19
3/9/2021,19-44-29-30-05-46
3/12/2021,49-02-06-43-54-25
3/14/2021,37-31-06-26-42-08
3/16/2021,06-14-55-52-16-12
3/19/2021,45-52-16-30-48-12
3/21/2021,26-23-48-42-14-02
3/23/2021,16-27-08-05-12-23
3/26/2021,01-05-42-52-07-17
3/28/2021,24-28-32-13-09-06
3/30/2021,37-18-48-47-58-45
4/6/2021,53-09-15-28-04-23
4/9/2021,32-36-29-43-26-52
4/11/2021,10-07-49-22-15-06
4/13/2021,19-58-42-06-57-02
4/16/2021,10-55-45-57-02-35
4/18/2021,14-19-40-32-09-15
4/20/2021,45-54-13-06-51-35
4/23/2021,12-13-31-53-10-24
4/25/2021,24-20-50-43-49-35
4/27/2021,37-25-17-02-42-50
4/30/2021,06-31-52-42-22-48
5/2/2021,43-47-25-53-35-10
5/4/2021,14-56-06-33-32-44
5/7/2021,44-28-55-31-35-49
5/9/2021,29-42-49-17-11-18
5/11/2021,40-20-31-38-26-01
5/14/2021,28-20-52-21-04-55
5/16/2021,40-21-28-57-25-43
5/18/2021,18-33-26-36-46-01
5/21/2021,10-54-17-52-06-08
5/23/2021,05-34-13-43-37-25
5/25/2021,42-17-44-34-48-30
5/28/2021,40-36-41-10-48-35
5/30/2021,19-22-28-27-03-45
6/1/2021,18-52-39-03-40-22
6/4/2021,25-05-48-15-08-34
6/6/2021,01-50-17-10-07-47
6/8/2021,12-27-25-49-30-41
6/11/2021,56-52-32-37-10-03
6/13/2021,46-42-21-12-16-09
6/15/2021,03-37-29-53-22-09
6/18/2021,37-16-10-13-06-36
6/20/2021,01-47-26-41-02-53
6/22/2021,05-38-09-20-24-17
6/25/2021,10-28-17-01-50-48
6/27/2021,35-27-29-25-30-04
6/29/2021,47-55-51-23-41-04
7/2/2021,25-38-03-31-14-34
7/4/2021,55-35-21-26-31-11
7/6/2021,42-12-10-19-40-26
7/9/2021,12-39-23-24-36-35
7/11/2021,53-43-16-42-58-46
7/13/2021,42-58-24-54-55-29
7/16/2021,58-01-22-10-21-37
7/18/2021,39-17-51-25-14-50
7/20/2021,58-33-04-05-13-14
7/23/2021,05-20-29-55-09-49
7/25/2021,15-01-48-33-12-19
7/27/2021,53-10-12-30-11-05
7/30/2021,26-11-32-37-46-24
8/1/2021,07-17-28-05-38-26
8/3/2021,54-03-40-36-53-34
8/6/2021,53-16-24-39-43-42
8/8/2021,45-47-13-55-05-39
8/10/2021,25-27-34-11-49-45
8/13/2021,04-48-33-54-51-49
8/15/2021,03-01-47-56-06-07
8/17/2021,09-12-35-04-22-32
8/20/2021,29-10-06-08-35-46
8/22/2021,17-08-52-28-42-15
8/24/2021,39-55-31-58-22-51
8/27/2021,19-53-49-47-48-56
8/29/2021,48-32-41-36-09-18
8/31/2021,03-47-34-43-29-07
9/3/2021,58-55-23-22-57-44
9/5/2021,35-47-15-34-23-58
9/7/2021,54-37-56-18-43-45
9/12/2021,31-28-15-02-50-43
9/10/2021,42-34-46-35-05-23
9/14/2021,54-01-44-13-51-25
9/17/2021,51-34-08-43-09-32
9/19/2021,32-21-05-34-27-10
9/21/2021,35-49-57-23-24-48
9/24/2021,04-12-14-44-55-06
9/26/2021,16-03-23-19-55-36
9/28/2021,21-58-34-04-33-01
10/1/2021,18-49-23-22-19-47
10/3/2021,06-17-31-08-13-05
10/5/2021,45-41-02-42-48-03
10/8/2021,49-20-32-15-22-01
10/10/2021,19-03-40-57-54-56
10/12/2021,03-30-45-19-16-32
10/15/2021,37-03-35-02-42-44
10/17/2021,02-13-04-37-18-48
10/19/2021,16-32-50-22-28-35
10/22/2021,37-54-14-51-48-05
10/24/2021,56-07-35-25-52-29
10/26/2021,50-12-03-26-28-21
10/29/2021,28-43-31-08-15-06
10/29/2021,28-43-31-08-15-06
10/31/2021,16-50-51-46-02-54
11/2/2021,06-14-28-27-02-18
11/5/2021,22-43-19-12-13-02
11/7/2021,16-17-44-49-37-25
11/9/2021,40-58-05-18-17-50
11/12/2021,05-15-53-23-31-49
11/14/2021,55-21-12-48-01-35
11/16/2021,14-22-04-19-25-05
11/19/2021,55-21-06-28-42-25
11/21/2021,26-36-41-43-21-01
11/23/2021,58-19-35-46-30-10
11/26/2021,20-17-12-29-10-46
11/28/2021,34-05-39-16-11-48
11/30/2021,51-45-24-21-58-13
12/3/2021,32-05-41-53-35-20
12/5/2021,52-04-08-55-15-46
12/7/2021,54-36-05-45-08-18
12/12/2021,44-08-09-11-36-57
12/10/2021,57-02-33-41-44-56
12/14/2021,49-15-09-56-45-12
12/17/2021,44-57-19-24-10-52
12/19/2021,58-28-48-03-08-41
12/21/2021,16-02-18-26-14-58
12/24/2021,14-27-16-02-34-45
12/26/2021,43-21-18-22-57-51
12/28/2021,21-19-39-24-36-22
12/31/2021,47-26-48-14-08-06
1/2/2022,10-25-01-35-04-58
1/4/2022,43-26-46-52-32-14
1/7/2022,05-34-22-25-13-43
1/11/2022,51-48-20-50-32-43
1/14/2022,53-10-19-21-42-47
1/16/2022,13-34-17-41-58-53
1/18/2022,52-15-42-18-34-47
1/21/2022,43-37-49-34-01-30
1/23/2022,46-03-39-30-28-18
1/25/2022,11-21-47-53-04-34
1/28/2022,53-05-01-38-37-17
1/30/2022,22-02-14-30-10-35
2/1/2022,54-36-27-21-03-09
2/4/2022,11-27-01-03-55-32
2/6/2022,34-14-43-17-11-05
2/8/2022,51-20-29-18-36-08
1/9/2022,46-29-47-19-56-02
2/11/2022,49-45-03-13-39-57
2/13/2022,02-56-48-11-21-45
2/15/2022,25-08-31-34-33-26
2/18/2022,47-58-12-18-31-44
2/20/2022,40-39-35-52-05-17
2/22/2022,42-13-25-50-34-30
2/25/2022,56-16-18-30-42-41
2/27/2022,31-29-33-12-58-49
3/1/2022,51-11-04-17-21-13
3/4/2022,04-39-24-48-16-53
3/6/2022,16-19-29-49-53-11
3/8/2022,44-54-17-11-42-49
3/11/2022,13-42-49-30-26-27
3/13/2022,55-46-25-16-50-35
3/15/2022,57-56-03-47-44-02
3/18/2022,35-25-32-09-51-02
3/20/2022,29-05-03-11-08-42
3/22/2022,14-11-34-49-02-16
3/25/2022,54-25-18-35-37-17
3/27/2022,19-42-22-10-02-40
3/29/2022,38-53-02-32-51-37
4/1/2022,10-21-49-48-25-05
4/3/2022,42-05-11-22-03-02
4/5/2022,36-28-29-56-46-34
4/8/2022,55-42-48-20-12-19
4/10/2022,14-34-48-31-22-04
4/12/2022,51-53-42-07-55-12
4/19/2022,33-06-45-08-42-38
4/22/2022,01-22-49-26-09-08
4/24/2022,02-15-08-51-09-45
4/26/2022,52-18-30-22-49-20
4/29/2022,49-42-17-20-33-31
5/1/2022,02-23-06-58-18-21
5/3/2022,34-12-39-09-08-06
5/6/2022,29-11-36-02-57-03
5/8/2022,25-53-56-14-48-06
5/10/2022,46-29-10-38-48-56
5/13/2022,03-43-16-07-23-40
5/15/2022,40-52-25-44-28-50
5/17/2022,05-11-41-30-37-29
5/20/2022,25-30-38-40-42-21
5/22/2022,28-13-44-58-50-03
5/24/2022,20-22-09-54-06-19
5/27/2022,40-51-50-19-01-32
5/29/2022,09-25-56-40-12-43
5/31/2022,28-56-12-43-25-31
6/3/2022,25-47-54-36-41-10
6/5/2022,25-11-54-52-50-03
6/7/2022,28-26-50-04-05-21
6/10/2022,19-44-38-33-47-43
6/12/2022,05-37-40-48-09-39
6/14/2022,48-33-10-46-02-53
6/17/2022,26-06-43-40-12-04
6/19/2022,02-14-51-21-26-46
6/21/2022,21-12-54-31-43-48
6/24/2022,05-55-19-22-11-02
6/26/2022,53-47-15-30-32-58
6/28/2022,55-54-02-58-23-09
7/1/2022,58-24-13-43-34-05
7/3/2022,42-09-25-15-18-58
7/5/2022,37-45-22-43-04-06
7/8/2022,14-08-21-18-49-27
7/10/2022,14-42-48-22-16-30
7/12/2022,18-25-35-47-04-16
7/15/2022,04-49-46-15-44-48
7/17/2022,34-09-21-29-57-44
7/19/2022,52-45-25-43-51-29
7/22/2022,13-05-41-03-15-20
7/24/2022,01-14-20-43-47-11
7/26/2022,35-28-24-55-25-02
7/29/2022,53-10-40-45-27-37
7/31/2022,09-20-46-03-18-33
8/2/2022,23-48-53-06-50-07
8/5/2022,04-46-58-20-34-28
8/7/2022,52-25-19-14-54-34
8/9/2022,24-29-31-56-55-16
8/12/2022,24-54-28-42-57-40
8/14/2022,16-44-06-33-47-21
8/16/2022,34-20-06-14-32-03
8/19/2022,56-24-29-05-13-16
8/21/2022,18-04-22-23-44-33
8/23/2022,18-20-27-02-38-15
8/26/2022,32-24-15-49-25-53
8/28/2022,32-11-17-38-28-18
8/30/2022,37-29-38-05-24-19
9/2/2022,06-13-35-39-47-05
9/4/2022,06-57-48-11-28-13
9/6/2022,24-16-35-12-23-22
9/9/2022,14-52-36-58-03-54
9/11/2022,21-19-55-36-46-43
9/13/2022,03-08-53-34-14-16
9/16/2022,05-50-01-04-15-02
9/18/2022,36-53-57-50-04-03
9/20/2022,04-31-30-21-53-06
9/23/2022,15-54-20-31-45-32
9/25/2022,50-43-12-05-46-54
9/27/2022,14-52-02-21-57-48
9/30/2022,53-25-30-14-18-35
10/2/2022,40-14-56-39-44-24
10/4/2022,30-56-50-06-58-25
10/7/2022,19-57-54-13-49-12
10/9/2022,24-01-25-09-39-47
10/11/2022,13-52-04-18-01-24
10/14/2022,32-15-09-47-40-01
10/16/2022,48-03-49-44-40-41
10/18/2022,32-04-23-27-10-21
10/21/2022,53-06-32-12-21-43
10/23/2022,39-07-58-37-50-16
10/25/2022,17-42-28-44-25-58
10/28/2022,37-11-55-42-49-09
10/30/2022,39-29-42-20-08-19
11/1/2022,34-17-26-20-05-29
11/4/2022,44-36-10-45-50-52
11/6/2022,50-25-39-23-35-09
11/8/2022,18-05-49-02-53-48
11/11/2022,18-35-50-46-19-45
11/13/2022,43-46-50-16-09-17
11/15/2022,10-41-29-46-58-13
11/18/2022,53-07-16-42-15-24
11/20/2022,41-52-36-53-49-15
11/22/2022,08-03-21-51-07-58
11/25/2022,05-39-40-31-29-46
11/27/2022,36-38-29-07-45-12
11/29/2022,38-55-26-32-20-09
12/2/2022,31-11-33-06-01-10
12/4/2022,06-49-58-35-36-31
12/6/2022,53-23-46-22-58-09
12/9/2022,35-18-07-33-08-48
12/11/2022,04-34-13-16-10-07
12/13/2022,29-13-28-08-01-56
12/16/2022,09-23-30-49-33-06
12/18/2022,03-01-44-42-58-02
12/20/2022,32-34-19-06-27-35
12/23/2022,40-51-35-31-27-50
12/27/2022,36-44-43-50-12-06
12/30/2022,01-23-15-03-08-05
1/3/2023,57-35-45-56-14-20
1/6/2023,17-31-12-52-03-44
1/8/2023,21-32-07-55-17-27
1/10/2023,01-56-47-07-55-29
1/13/2023,12-17-02-50-24-44
1/15/2023,45-16-43-38-02-03
1/17/2023,45-32-30-34-27-39
1/20/2023,24-39-31-19-42-13
1/22/2023,41-27-34-38-13-16
1/24/2023,24-35-18-43-49-22
1/27/2023,06-25-34-43-21-24
1/29/2023,37-41-50-47-57-10
1/31/2023,20-47-33-14-02-29
2/3/2023,21-11-23-29-09-50
2/5/2023,49-42-14-07-16-30
2/7/2023,23-27-58-47-09-29
2/10/2023,39-23-29-24-47-30
2/12/2023,48-12-35-37-33-22
2/14/2023,58-32-33-19-37-53
2/17/2023,19-05-26-27-58-35
2/19/2023,11-33-37-54-01-26
2/21/2023,22-35-47-15-14-03
2/24/2023,08-02-45-28-47-19
2/26/2023,46-30-25-40-11-35
2/28/2023,36-49-40-19-15-48
3/3/2023,10-28-41-13-55-20
3/5/2023,50-55-40-22-09-53
3/7/2023,56-41-11-48-54-58
3/10/2023,48-45-43-29-25-05
3/12/2023,13-30-10-22-02-15
3/14/2023,17-27-48-41-58-52
3/17/2023,31-20-17-42-52-53
3/19/2023,56-14-50-26-55-48
3/21/2023,07-14-52-51-53-48
3/24/2023,37-36-13-58-33-50
3/26/2023,50-38-39-40-35-51
3/28/2023,02-55-38-34-09-24
3/31/2023,30-36-05-32-51-13
4/2/2023,57-26-21-52-42-03
4/4/2023,39-43-34-52-24-35
4/11/2023,41-55-20-32-47-57
4/14/2023,34-03-46-42-52-54
4/16/2023,21-17-20-46-54-56
4/18/2023,48-34-08-04-13-53
4/21/2023,44-39-23-25-21-42
4/23/2023,25-57-03-58-09-36
4/25/2023,31-53-10-32-43-45
4/28/2023,40-22-05-12-10-34
4/30/2023,10-31-41-55-15-12
5/2/2023,16-50-07-19-40-30
5/5/2023,38-04-14-22-29-55
5/7/2023,44-33-26-17-38-11
5/9/2023,05-28-39-40-16-01
5/12/2023,56-04-44-12-39-37
5/14/2023,18-44-57-06-23-12
5/16/2023,28-41-45-23-58-38
5/19/2023,46-28-03-43-02-50
5/21/2023,54-46-11-06-15-50
5/23/2023,04-23-26-36-05-15
5/26/2023,35-08-10-11-36-28
5/28/2023,10-47-27-14-18-28
5/30/2023,46-49-31-54-19-47
6/2/2023,48-45-36-39-13-38
6/4/2023,31-04-52-54-10-56
6/6/2023,08-30-14-09-54-39
6/9/2023,34-47-30-26-07-46
6/11/2023,19-05-55-44-41-46
6/13/2023,42-18-14-37-56-27
6/16/2023,50-10-27-36-19-38
6/18/2023,09-12-51-07-15-18
6/20/2023,09-26-27-33-43-11
6/23/2023,02-31-47-27-49-55
6/25/2023,21-40-54-29-06-32
6/27/2023,28-19-24-35-38-37
6/30/2023,43-58-37-47-27-17
7/2/2023,41-12-57-39-56-02
7/4/2023,08-51-28-18-37-23
7/7/2023,03-56-02-22-46-06
7/9/2023,50-10-49-53-14-16
7/11/2023,33-37-14-49-03-34
7/14/2023,15-37-02-48-22-51
7/16/2023,28-32-56-29-01-41
7/18/2023,12-16-44-47-30-02
7/21/2023,57-36-49-31-15-33
7/23/2023,23-05-03-22-58-47
7/25/2023,09-43-12-20-45-23
7/28/2023,37-01-23-54-43-50
7/30/2023,48-29-10-49-52-16
8/1/2023,15-52-07-47-31-41
8/4/2023,56-37-11-17-32-06
8/6/2023,41-20-19-16-42-46
8/8/2023,18-22-30-55-26-05
8/11/2023,50-46-57-40-04-19
8/13/2023,31-15-07-37-24-25
8/15/2023,26-41-30-22-13-31
8/18/2023,03-36-38-25-23-22
8/20/2023,15-02-20-57-19-10
8/22/2023,38-15-11-55-10-52
8/25/2023,15-30-06-05-13-52
8/27/2023,06-50-57-45-13-56
8/29/2023,03-18-10-45-37-24
9/1/2023,02-44-55-51-04-30
9/3/2023,51-08-56-18-37-09
9/5/2023,57-08-24-22-01-26
9/8/2023,40-52-03-54-14-35
9/10/2023,58-02-15-35-28-12
9/12/2023,09-46-08-53-30-47
9/15/2023,28-41-25-29-54-37
9/17/2023,27-16-21-31-56-01
9/19/2023,07-10-09-13-21-19
9/22/2023,10-12-31-36-58-19
9/24/2023,30-20-27-28-38-42
9/26/2023,56-14-25-23-22-40
9/29/2023,04-42-22-10-21-16
10/1/2023,55-34-30-25-43-08
10/3/2023,45-32-11-19-35-34
10/6/2023,19-30-06-29-43-48
10/8/2023,19-16-33-13-10-47
10/10/2023,16-57-27-28-24-47
10/13/2023,34-51-20-55-23-02
10/15/2023,56-53-40-06-35-42
10/17/2023,51-48-44-05-14-12
10/20/2023,25-54-48-50-37-29
10/22/2023,11-37-44-33-13-28
10/24/2023,06-25-30-31-07-12
10/27/2023,33-22-45-11-16-02
10/29/2023,51-34-24-02-53-06
10/31/2023,39-37-08-47-51-21
11/3/2023,58-37-47-31-10-32
11/5/2023,11-17-45-38-09-48
11/7/2023,24-46-08-26-57-33
11/10/2023,45-55-40-04-08-44
11/12/2023,42-18-56-33-20-17
11/14/2023,55-27-56-39-44-57
11/17/2023,45-10-02-20-28-58
11/19/2023,44-55-43-01-23-26
11/21/2023,20-35-27-07-19-33
11/24/2023,20-14-55-22-04-58
11/26/2023,39-09-40-01-55-14
11/28/2023,24-45-42-05-53-28
12/1/2023,03-09-44-21-34-26
12/3/2023,03-11-36-16-44-49
12/5/2023,21-04-23-12-32-35
12/8/2023,34-38-20-43-15-28
12/10/2023,37-48-19-15-57-39
12/12/2023,03-36-44-01-14-11
12/15/2023,11-18-52-58-54-08
12/17/2023,52-07-09-29-37-38
12/19/2023,33-30-43-32-27-57
12/22/2023,46-43-44-16-50-21
12/24/2023,05-06-25-13-17-16
12/26/2023,42-49-16-09-06-47
12/29/2023,19-35-25-42-58-05
12/31/2023,44-24-30-31-01-32
1/2/2024,58-07-40-09-56-29
1/5/2024,46-54-05-35-04-13
1/7/2024,37-28-08-18-40-38
1/9/2024,10-34-39-45-52-24
1/12/2024,06-44-20-22-37-25
1/14/2024,23-40-08-42-45-55
1/16/2024,39-45-18-26-58-05
1/19/2024,11-20-58-31-44-35
1/21/2024,01-46-33-43-24-17
1/23/2024,44-37-47-25-31-30
1/26/2024,25-33-09-50-38-06
1/28/2024,51-18-54-10-49-35
1/30/2024,36-51-01-56-04-42
2/2/2024,51-30-21-14-44-28
2/4/2024,27-50-21-08-53-32
2/6/2024,11-20-53-50-19-55
2/9/2024,11-12-15-29-25-10
2/11/2024,01-29-51-45-40-57
2/13/2024,04-14-51-56-15-29
2/16/2024,29-03-07-11-17-58
2/18/2024,55-01-20-03-58-10
2/20/2024,43-08-32-01-10-42
2/23/2024,29-55-36-58-10-50
2/25/2024,06-33-48-56-27-35
2/27/2024,09-14-37-22-13-20
3/1/2024,04-07-57-05-54-47
3/3/2024,56-57-24-09-30-31
3/5/2024,55-52-53-58-45-42
3/8/2024,25-29-36-31-34-03
3/10/2024,40-50-42-53-08-03
3/12/2024,21-33-02-46-34-47
3/15/2024,54-02-27-26-11-17
3/17/2024,48-30-06-37-52-14
3/19/2024,33-45-13-38-56-42
3/22/2024,13-05-47-49-08-54
3/24/2024,25-32-10-22-17-57
3/26/2024,23-26-48-01-25-31
4/2/2024,33-17-07-18-50-57
4/5/2024,39-52-26-43-54-32
4/7/2024,55-52-20-26-24-02
4/9/2024,28-57-34-17-35-19
4/12/2024,30-33-56-58-41-13
4/14/2024,52-03-48-42-28-02
4/16/2024,43-44-37-42-55-38
4/19/2024,14-02-33-15-27-45
4/21/2024,57-30-22-39-19-18
4/23/2024,31-07-48-15-45-47
4/26/2024,02-24-22-47-49-21
4/28/2024,46-32-52-15-20-21
4/30/2024,09-56-36-07-55-54
5/3/2024,32-30-08-03-51-06
5/5/2024,04-48-28-17-22-33
5/7/2024,35-11-09-40-55-19
5/10/2024,51-56-06-38-54-39
5/12/2024,50-56-05-44-29-53
5/14/2024,54-26-48-31-30-27
5/17/2024,16-48-44-56-46-38
5/19/2024,02-56-44-24-27-40
5/21/2024,46-05-13-40-01-29
5/24/2024,06-10-33-29-41-26
5/26/2024,56-21-44-25-49-58
5/28/2024,16-47-40-14-21-22
5/31/2024,36-08-40-47-55-17
6/2/2024,12-42-19-58-01-26
6/4/2024,02-47-04-25-21-41
6/7/2024,13-21-11-14-40-37
6/9/2024,49-32-02-03-04-34
6/11/2024,39-23-50-48-55-37
6/14/2024,13-54-48-41-10-46
6/16/2024,46-36-58-02-50-19
6/18/2024,57-02-33-27-07-29
6/21/2024,08-24-15-44-04-58
6/23/2024,53-17-51-50-01-28
6/25/2024,20-58-46-19-24-42
6/28/2024,44-18-04-01-42-58
6/30/2024,50-41-04-05-34-47
7/2/2024,04-33-58-06-38-32
7/5/2024,19-09-52-49-16-27
7/7/2024,12-44-18-51-37-32
7/9/2024,01-31-21-32-30-43
7/12/2024,20-55-35-51-52-38
7/14/2024,19-07-58-53-44-38
7/16/2024,05-28-35-42-29-07
7/19/2024,06-32-16-47-10-05
7/21/2024,38-27-49-23-32-13
7/23/2024,05-01-56-33-11-09
7/26/2024,22-11-05-14-43-12
7/28/2024,04-25-46-33-49-28
7/30/2024,39-31-52-56-42-01
8/2/2024,10-41-51-09-14-38
8/4/2024,54-12-56-17-03-28
8/6/2024,26-49-11-37-08-50
8/9/2024,10-40-07-19-34-47
8/11/2024,49-43-30-04-25-37
8/13/2024,41-56-25-01-10-24
8/16/2024,27-51-50-04-22-41
8/18/2024,32-52-29-48-31-07
8/20/2024,39-46-57-37-45-50
8/23/2024,39-46-07-23-45-44
8/25/2024,09-02-51-05-06-42
8/27/2024,40-53-24-45-50-10
8/30/2024,41-44-52-08-03-40
9/1/2024,06-56-41-33-35-17
9/3/2024,03-15-38-34-04-10
9/6/2024,53-45-18-41-40-13
9/8/2024,24-55-30-19-40-10
9/10/2024,22-33-25-17-58-42
9/13/2024,17-30-50-45-20-15
9/15/2024,31-22-19-43-37-05
9/17/2024,20-42-47-41-49-27
9/20/2024,34-01-31-26-28-55
9/22/2024,24-56-08-52-04-36
9/24/2024,24-22-32-45-48-43
9/27/2024,11-08-29-58-30-53
9/29/2024,20-40-26-46-38-01
10/1/2024,30-39-13-40-14-22
10/4/2024,46-19-11-40-41-16
10/6/2024,16-13-53-09-41-49
10/8/2024,18-37-17-40-34-57
10/11/2024,04-17-39-14-38-10
10/13/2024,57-39-49-31-19-14
10/15/2024,01-22-20-17-30-44
10/18/2024,30-25-47-09-53-40
10/20/2024,42-13-38-56-28-26
10/22/2024,57-26-13-02-15-46
10/25/2024,15-05-13-37-56-57
10/27/2024,07-24-13-16-10-02
10/29/2024,30-38-08-19-57-09
11/1/2024,27-05-22-02-45-26
11/3/2024,57-58-15-24-53-36
11/5/2024,42-58-37-51-02-38
11/8/2024,37-36-40-25-08-32
11/10/2024,51-26-24-46-43-27
11/12/2024,10-22-11-05-38-40
11/15/2024,06-07-26-17-24-56
11/17/2024,14-01-33-58-20-28
11/19/2024,18-02-36-33-49-05
11/22/2024,22-06-31-34-17-05
11/24/2024,31-56-15-51-30-14
11/26/2024,05-51-29-07-52-44
11/29/2024,16-32-12-55-23-05
12/1/2024,45-37-56-07-35-24
12/3/2024,12-06-45-07-51-01
12/6/2024,18-47-03-05-39-44
12/8/2024,44-05-30-50-29-57
12/10/2024,28-09-51-46-43-18
12/13/2024,56-52-58-36-45-44
12/15/2024,31-25-13-05-26-10
12/17/2024,04-32-55-28-05-34
12/20/2024,10-37-17-28-35-32
12/22/2024,42-20-04-48-06-49
12/24/2024,38-13-14-06-17-51
12/27/2024,55-21-02-19-28-15
12/29/2024,37-45-05-03-30-56
12/31/2024,11-40-20-12-19-01
1/3/2025,03-15-36-22-58-46
1/5/2025,36-46-16-19-23-27
1/7/2025,41-31-25-12-40-33
1/10/2025,43-35-45-14-25-23
1/12/2025,19-54-48-55-41-35
1/14/2025,55-04-13-19-15-48
1/17/2025,45-23-39-53-35-05
1/19/2025,52-25-05-36-31-30
1/21/2025,43-09-22-39-52-45
1/24/2025,17-11-52-25-38-47
1/26/2025,54-33-42-27-36-26
1/28/2025,54-36-51-56-21-26
1/31/2025,12-15-58-16-18-41
2/2/2025,12-54-30-19-25-48
2/4/2025,06-34-32-48-14-23
2/7/2025,54-47-48-13-08-02
2/9/2025,06-13-26-49-43-41
2/11/2025,43-55-21-25-29-35
2/14/2025,51-38-33-21-16-45
2/16/2025,35-03-53-45-42-13
2/18/2025,09-14-07-13-47-32
2/21/2025,12-55-36-10-14-40
2/23/2025,54-36-22-04-31-45
2/25/2025,42-10-37-03-15-43
2/28/2025,46-24-28-27-56-13
3/2/2025,02-29-45-11-36-24
3/4/2025,55-34-16-14-01-04
3/7/2025,01-29-12-44-30-11
3/9/2025,04-03-36-23-46-15
3/11/2025,45-21-25-35-11-37
3/14/2025,14-44-29-09-31-02
3/16/2025,47-53-50-52-49-22
3/18/2025,21-52-23-11-10-05
3/21/2025,40-45-07-52-21-20
3/23/2025,51-45-40-33-08-27
3/25/2025,41-52-56-38-58-48
3/28/2025,09-04-06-51-31-49
3/30/2025,50-48-30-25-06-33
4/1/2025,02-21-44-08-11-51
4/4/2025,17-55-36-04-35-40
4/6/2025,09-11-02-23-26-07
4/8/2025,37-02-48-32-34-12
4/11/2025,11-38-14-56-40-48
4/13/2025,47-36-06-12-38-23
4/15/2025,27-13-07-14-33-03
4/20/2025,53-20-11-35-19-37
4/22/2025,32-45-05-40-22-04
4/25/2025,47-22-44-53-09-08
4/27/2025,19-08-17-55-28-02
4/29/2025,39-05-11-45-10-25
5/2/2025,11-20-16-30-08-57
5/4/2025,22-40-13-58-23-25
5/6/2025,54-06-40-30-49-20
5/9/2025,54-43-40-04-14-36
5/11/2025,24-10-30-34-51-13
5/13/2025,09-07-51-14-41-46
5/16/2025,36-53-20-27-46-24
5/18/2025,53-34-46-11-50-49
5/20/2025,21-28-38-52-17-29
5/23/2025,06-52-18-20-43-42
5/25/2025,57-51-13-47-24-18
5/27/2025,55-57-34-06-42-41
5/30/2025,19-12-35-18-29-43
6/1/2025,17-28-33-02-49-20
6/3/2025,02-18-28-19-41-26
6/6/2025,29-57-06-10-33-12
6/8/2025,04-28-38-39-23-49
6/10/2025,43-32-47-31-01-08
6/13/2025,50-57-12-23-39-05
6/15/2025,28-52-43-50-02-18
6/17/2025,45-01-19-09-44-11
6/20/2025,23-27-51-38-20-22
6/22/2025,34-54-23-58-15-07
6/24/2025,30-20-31-12-03-23
6/27/2025,09-23-57-01-15-39
6/29/2025,14-36-17-22-34-29
7/1/2025,34-24-41-48-37-36
7/4/2025,16-15-57-42-41-47
7/6/2025,23-35-04-14-15-16
7/8/2025,24-33-27-07-52-30
7/11/2025,12-29-41-24-25-38
7/13/2025,12-57-41-18-33-17
7/15/2025,22-38-36-08-16-41
7/18/2025,19-16-01-54-12-46
7/20/2025,32-20-23-44-39-09
7/22/2025,42-49-52-27-39-18
7/25/2025,05-30-19-43-51-50
7/27/2025,23-40-38-39-50-42
7/29/2025,05-07-18-28-48-32
8/1/2025,03-13-07-44-15-10
8/3/2025,45-46-17-44-37-12
8/5/2025,50-21-37-22-39-48
8/8/2025,43-04-52-41-15-06
8/10/2025,15-47-13-30-57-03
8/12/2025,14-33-50-57-22-39
