N1,N2,N3,N4,N5,N6,DATE
47,5,17,16,57,58,22/2/15
6,23,34,21,46,37,27/2/15
57,5,53,42,18,55,8/2/15
43,24,36,16,39,22,13/2/15
32,53,5,18,34,29,15/2/15
13,14,7,41,48,39,20/2/15
6,42,13,40,11,39,1/3/15
39,54,50,21,32,20,6/3/15
17,26,38,43,1,2,8/3/15
5,10,41,14,9,6,15/3/15
12,29,43,6,10,58,20/3/15
15,35,57,32,38,25,22/3/15
29,46,16,55,38,44,27/3/15
13,1,16,55,32,27,29/3/15
46,41,36,12,5,11,10/4/15
11,38,19,10,7,17,12/4/15
55,51,26,40,18,43,13/3/15
27,26,3,41,39,45,17/4/15
31,48,20,58,25,43,19/4/15
12,13,53,39,1,7,24/4/15
8,38,40,16,26,4,26/4/15
50,48,25,34,23,15,1/5/15
43,30,52,46,17,20,3/5/15
13,17,48,50,51,39,8/5/15
47,43,39,23,36,51,10/5/15
41,15,29,11,39,33,15/5/15
9,3,14,53,57,1,17/5/15
34,49,19,2,31,13,22/5/15
21,11,56,38,18,20,24/5/15
46,51,18,28,22,54,29/5/15
37,52,54,45,51,35,31/5/15
32,31,41,9,10,44,5/6/15
13,23,57,44,25,7,7/6/15
41,25,14,29,56,7,12/6/15
45,11,4,31,32,29,14/6/15
41,33,20,57,7,1,19/6/15
4,10,21,47,19,27,21/6/15
58,26,18,39,6,38,26/6/15
23,10,50,43,32,3,28/6/15
5,25,4,24,56,40,3/7/15
43,35,56,3,53,48,5/7/15
34,5,1,28,18,46,10/7/15
8,12,44,2,18,27,12/7/15
28,20,14,15,58,51,17/7/15
12,41,23,9,38,25,19/7/15
38,33,13,35,49,29,24/7/15
22,13,38,53,48,25,26/7/15
55,52,1,33,31,47,31/7/15
48,40,24,27,11,29,2/8/15
48,31,22,45,2,30,7/8/15
54,39,42,20,29,40,9/8/15
56,18,24,13,37,22,14/8/15
53,29,19,51,26,33,16/8/15
7,19,12,54,40,46,21/8/15
38,40,50,17,37,22,23/8/15
58,2,54,22,11,25,28/8/15
21,6,57,56,30,33,30/8/15
45,25,8,13,7,47,4/9/15
9,55,7,33,19,28,6/9/15
17,34,56,42,36,40,13/9/15
45,13,49,53,16,40,11/9/15
39,56,49,35,34,15,18/9/15
11,43,4,9,13,30,20/9/15
25,14,35,13,2,53,25/9/15
6,34,18,49,54,4,27/9/15
40,48,27,9,36,39,2/10/15
10,24,38,12,50,8,4/10/15
55,8,39,32,14,45,9/10/15
38,10,42,13,25,46,11/10/15
5,37,16,28,14,44,16/10/15
54,19,15,3,20,50,18/10/15
16,15,18,46,8,29,23/10/15
49,4,46,34,19,56,25/10/15
22,9,24,16,52,42,30/10/15
22,3,27,41,43,36,1/11/15
11,22,3,43,34,6,6/11/15
48,52,14,58,23,38,8/11/15
48,15,1,35,26,22,13/11/15
20,1,4,40,51,2,15/11/15
33,54,45,20,14,12,20/11/15
15,48,31,4,43,13,22/11/15
32,51,27,1,16,20,27/11/15
19,51,38,17,43,4,29/11/15
22,28,1,43,6,13,4/12/15
38,33,11,25,54,41,6/12/15
8,55,11,33,5,10,11/12/15
50,52,9,33,8,31,13/12/15
53,30,54,41,43,26,18/12/15
16,7,50,3,26,53,20/12/15
13,27,23,11,1,9,27/12/15
26,10,5,24,49,12,3/1/16
38,35,33,8,49,52,8/1/16
23,54,31,5,32,3,10/1/16
22,16,45,56,54,39,15/1/16
53,19,58,38,4,27,17/1/16
37,14,25,9,46,31,22/1/16
25,43,49,57,6,13,24/1/16
44,12,54,33,4,53,29/1/16
15,20,37,29,54,16,31/1/16
35,6,48,58,33,50,5/2/16
40,55,20,13,32,23,7/2/16
47,30,49,27,46,42,12/2/16
27,34,42,21,11,38,14/2/16
10,3,1,51,44,13,19/2/16
39,33,19,21,9,55,21/2/16
44,58,9,41,23,35,26/2/16
10,13,23,11,7,9,28/2/16
36,41,3,6,15,26,4/3/16
48,37,33,34,41,50,6/3/16
25,7,36,39,31,30,11/3/16
27,12,1,11,29,52,13/3/16
33,4,48,44,19,38,18/3/16
29,8,33,46,35,21,20/3/16
47,25,20,44,6,55,1/4/16
36,39,33,1,11,50,3/4/16
40,41,1,25,28,44,8/4/16
53,48,44,4,46,11,10/4/16
7,53,13,50,22,1,15/4/16
34,19,33,39,6,49,17/4/16
2,51,40,33,20,13,22/4/16
36,35,51,38,46,30,24/4/16
35,56,30,46,57,8,29/4/16
27,41,15,52,39,4,1/5/16
38,23,55,17,51,8,6/5/16
49,52,22,1,46,41,8/5/16
8,12,9,50,13,46,13/5/16
41,21,13,52,36,6,15/5/16
5,42,34,49,33,52,20/5/16
31,40,42,51,6,18,22/5/16
11,50,56,53,12,9,27/5/16
6,44,36,54,32,29,29/5/16
13,2,25,6,3,49,3/6/16
22,5,7,25,53,32,5/6/16
39,19,54,6,22,12,10/6/16
50,3,49,13,58,34,12/6/16
16,58,33,35,2,50,17/6/16
45,46,7,3,49,58,19/6/16
51,49,25,40,31,45,24/6/16
11,53,2,29,1,9,26/6/16
36,47,4,3,20,28,1/7/16
54,23,32,4,14,38,3/7/16
11,27,51,2,16,41,8/7/16
44,39,43,10,7,23,10/7/16
6,21,57,31,53,2,15/7/16
39,5,11,26,16,28,17/7/16
9,47,4,20,52,5,22/7/16
10,30,22,34,50,28,24/7/16
20,55,14,22,18,30,29/7/16
21,27,55,47,46,19,31/7/16
2,9,6,30,52,8,5/8/16
55,36,33,30,53,32,7/8/16
50,19,25,15,51,14,12/8/16
5,54,48,17,1,39,14/8/16
7,38,40,31,53,30,19/8/16
24,10,42,30,25,13,21/8/16
38,37,57,22,30,53,26/8/16
20,12,2,3,15,22,28/8/16
48,34,36,16,27,35,2/9/16
13,47,26,28,1,48,4/9/16
29,27,34,47,4,12,9/9/16
11,15,20,8,49,37,11/9/16
23,41,13,46,43,58,16/9/16
13,51,12,2,6,36,18/9/16
32,56,27,57,15,9,23/9/16
56,50,52,14,21,25,25/9/16
51,49,47,25,39,5,30/9/16
29,1,44,38,28,32,2/10/16
56,45,33,54,52,18,7/10/16
37,16,13,44,54,25,9/10/16
49,31,25,52,53,33,14/10/16
4,3,35,56,39,5,16/10/16
51,46,43,47,12,32,21/10/16
26,44,4,57,21,54,23/10/16
46,32,2,57,15,3,28/10/16
1,34,41,2,10,21,30/10/16
58,6,25,47,38,41,4/11/16
54,48,58,42,21,15,6/11/16
8,51,7,32,37,17,11/11/16
15,2,31,58,56,22,13/11/16
43,42,29,10,41,4,18/11/16
58,53,26,42,54,28,20/11/16
46,32,10,56,27,48,25/11/16
4,31,13,36,24,53,27/11/16
17,40,58,27,47,5,2/12/16
30,2,17,42,1,3,4/12/16
55,23,29,22,53,41,9/12/16
44,33,5,52,50,58,11/12/16
19,34,58,28,8,36,16/12/16
8,56,7,43,13,17,18/12/16
40,14,34,45,20,36,23/12/16
38,58,23,42,34,8,30/12/16
21,17,54,47,8,2,6/1/17
40,50,46,44,8,12,8/1/17
45,19,6,7,8,22,13/1/17
22,52,43,54,4,18,15/1/17
40,43,39,21,52,46,20/1/17
39,9,30,20,34,1,22/1/17
5,41,53,12,16,46,27/1/17
23,47,34,14,52,57,29/1/17
17,30,6,13,43,31,3/2/17
47,6,36,48,10,25,5/2/17
12,5,1,18,22,35,10/2/17
32,47,18,26,57,58,12/2/17
3,34,6,13,7,19,14/2/17
41,44,8,26,15,1,17/2/17
9,3,40,53,27,20,19/2/17
35,48,29,56,17,33,21/2/17
49,22,39,42,25,47,24/2/17
11,34,46,2,27,45,26/2/17
11,26,20,19,56,31,28/2/17
17,36,44,32,19,33,3/3/17
21,34,58,14,57,9,5/3/17
28,10,50,38,36,24,7/3/17
34,27,2,17,15,38,10/3/17
16,2,10,9,54,35,12/3/17
6,7,19,16,36,4,14/3/17
19,24,58,15,9,14,17/3/17
51,48,4,39,9,19,19/3/17
24,53,10,38,4,49,21/3/17
30,18,43,37,9,39,24/3/17
39,17,44,1,12,13,26/3/17
10,21,23,6,27,9,28/3/17
1,3,43,16,8,24,31/3/17
22,48,57,12,33,43,2/4/17
23,21,30,26,44,34,4/4/17
36,49,58,46,3,2,7/4/17
57,24,45,50,25,40,9/4/17
51,13,6,25,15,58,11/4/17
3,6,24,15,18,38,18/4/17
24,23,34,2,29,32,21/4/17
47,9,6,48,56,17,23/4/17
3,27,23,29,47,57,25/4/17
14,44,46,56,31,16,28/4/17
33,38,29,57,31,53,30/4/17
22,34,25,23,18,33,2/5/17
26,33,58,56,39,37,5/5/17
31,52,44,57,21,45,7/5/17
18,15,58,30,7,5,9/5/17
2,16,11,49,18,3,12/5/17
56,13,58,17,20,8,14/5/17
8,26,48,41,47,39,16/5/17
30,11,50,54,28,15,19/5/17
5,8,45,9,46,36,21/5/17
22,33,21,57,14,41,23/5/17
58,47,43,22,44,12,26/5/17
36,17,39,35,40,11,28/5/17
3,21,54,15,20,12,30/5/17
47,32,53,2,45,11,2/6/17
29,28,10,36,33,3,4/6/17
9,4,8,23,29,16,6/6/17
16,6,23,36,20,56,9/6/17
23,3,14,56,58,4,11/6/17
8,52,20,19,48,36,13/6/17
31,50,6,12,16,40,16/6/17
39,34,28,45,20,50,18/6/17
22,24,23,54,46,43,20/6/17
36,32,25,51,43,31,23/6/17
51,28,36,1,40,56,25/6/17
46,57,38,34,43,10,27/6/17
3,42,38,33,30,47,30/6/17
58,29,26,14,52,51,2/7/17
51,53,16,32,41,40,4/7/17
15,38,22,52,56,2,7/7/17
45,21,16,20,38,29,9/7/17
52,29,28,5,33,41,11/7/17
14,36,8,34,50,53,14/7/17
54,51,43,38,9,56,16/7/17
45,46,25,39,1,42,18/7/17
7,14,36,8,42,27,21/7/17
52,8,27,14,19,53,23/7/17
4,56,35,38,57,49,25/7/17
44,29,15,50,39,54,28/7/17
20,55,47,52,12,57,30/7/17
53,14,23,2,58,20,1/8/17
36,50,26,58,25,16,4/8/17
54,8,45,7,23,19,6/8/17
7,19,14,24,8,18,8/8/17
16,31,44,2,51,13,11/8/17
3,47,30,35,16,8,13/8/17
7,54,14,10,4,49,15/8/17
48,44,50,56,8,7,18/8/17
21,5,55,51,30,34,20/8/17
50,16,22,14,9,47,22/8/17
35,6,1,41,40,42,25/8/17
40,8,49,11,2,29,27/8/17
19,6,26,43,33,40,29/8/17
32,6,35,50,30,14,1/9/17
30,16,4,17,41,1,3/9/17
3,27,17,12,20,6,5/9/17
31,3,52,34,22,15,8/9/17
34,37,39,26,23,10,10/9/17
52,17,58,9,19,10,12/9/17
2,27,24,4,50,46,15/9/17
10,17,3,35,50,44,17/9/17
57,6,47,36,52,56,19/9/17
23,33,2,47,40,6,22/9/17
17,54,29,13,8,10,24/9/17
1,15,26,55,21,11,26/9/17
54,13,6,23,1,15,29/9/17
40,57,2,41,47,27,1/10/17
36,37,17,54,22,25,3/10/17
42,32,27,10,15,3,6/10/17
7,37,24,8,32,22,8/10/17
56,11,14,46,58,47,10/10/17
54,37,53,29,41,50,13/10/17
14,2,4,57,5,17,15/10/17
7,41,34,12,10,36,17/10/17
26,43,24,35,14,57,20/10/17
11,10,3,29,2,25,22/10/17
8,34,2,38,30,57,24/10/17
23,46,54,29,24,7,27/10/17
4,21,12,47,9,42,29/10/17
19,54,28,6,32,26,31/10/17
46,25,58,44,41,19,3/11/17
55,48,54,51,45,50,5/11/17
57,4,2,38,21,44,7/11/17
35,47,43,40,10,14,10/11/17
12,44,14,18,31,16,12/11/17
11,18,23,10,41,34,14/11/17
17,12,51,26,21,8,17/11/17
14,51,49,27,24,22,19/11/17
22,58,54,51,10,27,21/11/17
45,8,33,12,17,58,24/11/17
10,52,30,41,12,6,26/11/17
12,42,9,52,55,6,28/11/17
3,52,30,17,8,1,1/12/17
15,40,43,14,47,23,3/12/17
39,57,1,20,40,22,5/12/17
13,51,28,5,44,4,8/12/17
45,53,22,24,47,5,10/12/17
26,49,22,3,41,44,12/12/17
51,39,38,43,25,2,15/12/17
22,35,45,40,37,26,17/12/17
13,50,8,45,7,16,19/12/17
51,22,32,43,19,2,22/12/17
57,37,35,5,49,36,24/12/17
22,41,9,44,35,46,26/12/17
15,57,1,12,24,9,29/12/17
43,6,14,24,15,25,31/12/17
33,39,10,26,7,32,2/1/18
21,57,26,29,16,4,5/1/18
56,45,39,35,42,14,7/1/18
39,12,31,16,29,17,9/1/18
24,10,18,40,33,1,12/1/18
15,53,55,12,34,14,14/1/18
1,41,31,13,29,24,16/1/18
50,32,15,53,29,52,19/1/18
12,40,21,44,57,28,21/1/18
19,17,13,53,56,15,23/1/18
7,57,51,8,53,16,26/1/18
9,49,47,43,16,42,28/1/18
7,10,13,15,3,55,30/1/18
56,34,53,1,28,46,2/2/18
48,57,13,51,2,15,4/2/18
57,53,39,50,35,18,6/2/18
46,7,17,1,41,34,9/2/18
28,49,46,32,29,54,11/2/18
33,5,38,51,52,10,13/2/18
15,31,28,25,42,11,16/2/18
5,20,43,25,48,35,18/2/18
32,18,33,8,1,29,20/2/18
17,1,8,24,39,7,23/2/18
53,30,47,54,2,35,25/2/18
19,17,23,6,54,27,27/2/18
28,39,46,22,25,26,2/3/18
58,26,11,51,43,39,4/3/18
57,56,17,36,18,7,6/3/18
44,6,1,53,45,27,9/3/18
13,11,16,40,55,25,11/3/18
49,9,30,50,33,4,13/3/18
42,55,46,30,2,58,16/3/18
15,39,38,13,34,51,18/3/18
31,18,6,48,15,58,20/3/18
16,54,41,6,29,46,23/3/18
49,25,1,22,34,8,25/3/18
21,38,24,16,22,50,27/3/18
14,46,17,5,6,26,3/4/18
18,48,36,7,20,16,6/4/18
14,25,35,31,48,8,8/4/18
31,15,30,13,53,4,10/4/18
47,20,8,15,34,50,13/4/18
24,37,15,53,5,49,15/4/18
15,18,27,40,37,42,17/4/18
53,4,45,30,12,29,20/4/18
24,18,37,11,2,51,22/4/18
4,54,51,55,30,6,24/4/18
11,3,30,37,38,41,27/4/18
58,15,37,46,1,44,29/4/18
48,28,51,15,39,42,1/5/18
11,15,56,38,53,45,4/5/18
7,34,51,6,10,21,6/5/18
19,27,7,46,18,53,8/5/18
51,31,22,19,2,32,11/5/18
46,11,21,24,19,57,13/5/18
32,15,23,10,18,22,15/5/18
25,26,36,3,33,56,18/5/18
9,23,7,37,32,40,20/5/18
32,57,1,49,9,19,22/5/18
34,14,19,22,10,43,25/5/18
34,45,14,40,1,13,27/5/18
25,49,10,37,26,6,29/5/18
26,8,43,22,27,12,1/6/18
1,53,27,11,43,18,3/6/18
44,35,39,34,3,50,5/6/18
49,31,39,5,41,43,8/6/18
54,22,17,8,48,5,10/6/18
48,18,57,9,28,53,12/6/18
7,56,37,17,49,11,15/6/18
46,1,5,11,7,21,17/6/18
49,57,52,28,3,6,19/6/18
3,22,52,50,47,44,22/6/18
17,24,10,58,25,11,24/6/18
55,34,16,31,40,23,26/6/18
1,19,13,29,51,4,29/6/18
31,24,45,19,34,52,1/7/18
7,57,50,1,10,2,3/7/18
56,26,4,51,49,18,6/7/18
35,17,28,33,22,25,8/7/18
47,15,48,3,35,56,10/7/18
2,51,32,47,17,24,13/7/18
55,29,31,57,14,20,15/7/18
22,3,57,58,54,14,17/7/18
24,6,55,3,28,27,20/7/18
45,50,34,2,43,11,22/7/18
51,37,40,7,29,5,24/7/18
43,24,6,25,28,40,27/7/18
39,9,56,26,29,34,29/7/18
14,3,51,32,21,48,31/7/18
53,26,15,45,46,3,3/8/18
47,16,29,51,18,54,5/8/18
31,7,34,14,39,50,7/8/18
38,35,37,15,56,45,10/8/18
1,13,42,24,53,56,12/8/18
16,43,31,44,18,37,14/8/18
43,19,36,17,7,44,17/8/18
16,17,15,5,23,54,19/8/18
53,10,52,19,8,58,21/8/18
4,27,49,16,47,41,24/8/18
43,54,39,14,46,36,26/8/18
28,29,8,40,33,4,28/8/18
3,30,38,19,54,7,31/8/18
41,51,28,30,54,24,2/9/18
7,8,41,25,13,30,4/9/18
17,6,55,54,20,27,7/9/18
24,35,56,38,28,42,9/9/18
33,30,3,43,18,19,11/9/18
52,32,55,17,7,40,14/9/18
34,15,39,53,36,43,16/9/18
4,35,50,8,47,44,18/9/18
6,47,41,55,28,10,21/9/18
58,8,34,29,35,38,23/9/18
50,21,51,19,53,48,25/9/18
46,25,55,26,50,57,28/9/18
34,30,32,20,3,23,30/9/18
30,41,53,4,2,54,2/10/18
1,30,27,36,49,12,5/10/18
45,21,2,30,7,10,7/10/18
12,16,46,3,38,36,9/10/18
28,14,54,50,17,27,12/10/18
40,50,37,25,1,45,14/10/18
33,23,7,46,22,20,16/10/18
3,25,22,55,33,41,19/10/18
14,16,52,53,20,11,21/10/18
7,26,43,8,53,6,23/10/18
38,15,4,3,41,50,26/10/18
8,34,45,20,36,16,28/10/18
22,6,48,10,49,11,30/10/18
27,5,54,25,44,16,2/11/18
35,42,6,53,3,17,4/11/18
43,58,21,54,23,22,6/11/18
36,56,49,34,42,45,9/11/18
51,46,24,55,17,27,11/11/18
23,14,18,16,30,37,13/11/18
13,12,1,41,21,45,16/11/18
37,39,5,35,41,12,18/11/18
21,44,28,55,16,29,20/11/18
36,25,6,18,54,26,23/11/18
30,39,48,11,13,26,25/11/18
10,6,56,15,25,34,27/11/18
50,14,21,22,20,24,30/11/18
31,14,37,53,7,36,2/12/18
7,1,25,13,11,38,4/12/18
17,37,11,8,52,48,7/12/18
51,21,12,36,55,30,9/12/18
17,13,38,4,24,39,11/12/18
25,56,42,26,31,49,14/12/18
52,45,18,1,49,36,16/12/18
36,35,47,38,13,6,18/12/18
32,9,29,26,20,56,21/12/18
35,25,48,24,38,39,23/12/18
3,37,51,14,46,6,28/12/18
1,9,50,56,51,28,30/12/18
37,22,5,32,13,17,4/1/19
52,45,24,5,14,44,6/1/19
45,50,30,35,49,52,8/1/19
7,21,23,39,25,18,11/1/19
43,55,15,2,29,56,13/1/19
18,21,54,3,23,47,15/1/19
29,12,39,42,34,8,18/1/19
42,6,39,45,5,11,20/1/19
24,21,15,56,7,37,22/1/19
27,15,34,20,22,18,25/1/19
44,53,39,43,38,7,27/1/19
22,30,23,52,14,38,29/1/19
28,40,25,54,52,36,1/2/19
15,10,57,27,9,28,3/2/19
43,19,33,11,13,48,5/2/19
21,28,57,39,19,20,8/2/19
12,52,45,25,3,28,10/2/19
25,53,45,8,29,26,12/2/19
48,56,12,10,55,42,15/2/19
31,33,5,10,32,43,17/2/19
55,31,42,33,11,47,19/2/19
20,51,6,10,11,16,22/2/19
16,6,7,9,5,45,24/2/19
42,10,21,25,4,8,26/2/19
41,42,54,3,8,25,1/3/19
11,46,12,20,36,22,3/3/19
56,13,25,46,11,39,5/3/19
25,45,3,30,24,48,8/3/19
24,52,25,15,41,8,10/3/19
3,27,37,35,30,8,12/3/19
24,47,5,2,16,1,15/3/19
38,31,30,15,5,13,17/3/19
18,4,47,39,16,22,19/3/19
23,45,13,56,39,57,22/3/19
20,41,16,7,5,45,24/3/19
9,51,55,53,32,54,26/3/19
2,48,28,37,20,39,29/3/19
13,17,35,38,18,43,31/3/19
17,34,38,33,26,9,2/4/19
6,49,51,29,41,10,5/4/19
13,1,24,12,23,45,7/4/19
23,39,51,19,10,40,9/4/19
44,10,40,4,19,26,12/4/19
18,13,28,23,19,14,14/4/19
36,25,26,17,30,13,16/4/19
29,43,35,28,24,45,23/4/19
30,17,11,53,51,48,26/4/19
12,7,33,8,14,50,28/4/19
22,6,10,49,33,11,30/4/19
32,40,54,22,5,34,3/5/19
16,21,47,14,46,44,5/5/19
22,46,26,36,30,10,7/5/19
9,49,18,50,27,6,10/5/19
6,17,4,26,8,15,12/5/19
42,13,37,22,34,45,14/5/19
21,19,36,9,20,7,17/5/19
57,48,41,20,53,55,19/5/19
19,9,35,24,20,7,21/5/19
34,18,17,57,4,20,24/5/19
46,28,4,5,45,9,26/5/19
18,16,45,27,17,44,28/5/19
33,4,38,35,56,47,31/5/19
54,5,13,56,28,37,2/6/19
50,3,54,7,26,29,4/6/19
35,24,32,2,56,30,7/6/19
23,45,34,52,16,31,9/6/19
53,40,48,21,13,57,11/6/19
4,27,57,46,13,7,14/6/19
58,33,46,24,25,37,16/6/19
18,5,43,11,58,44,18/6/19
56,52,43,6,53,25,21/6/19
43,36,7,24,41,55,23/6/19
36,49,27,55,32,33,25/6/19
10,4,52,18,37,16,28/6/19
6,23,15,55,21,16,30/6/19
57,38,19,35,23,4,2/7/19
40,14,12,52,16,18,5/7/19
7,11,4,51,10,53,7/7/19
9,29,53,47,19,27,9/7/19
19,16,20,27,3,32,12/7/19
20,18,54,47,39,42,14/7/19
53,24,58,55,18,21,16/7/19
47,31,12,22,32,23,19/7/19
6,17,16,3,26,34,21/7/19
26,8,20,31,17,14,23/7/19
19,31,46,50,55,11,26/7/19
53,56,3,34,46,52,28/7/19
3,16,8,2,53,10,30/7/19
41,11,17,45,34,37,2/8/19
1,12,43,5,41,2,4/8/19
29,9,8,55,7,24,6/8/19
29,20,11,44,9,26,9/8/19
46,5,32,31,12,27,11/8/19
51,16,10,2,4,32,13/8/19
52,50,51,14,37,54,16/8/19
56,42,52,27,38,22,18/8/19
12,47,9,6,20,35,20/8/19
45,22,16,56,43,19,23/8/19
43,13,10,9,15,17,25/8/19
39,57,47,18,41,31,27/8/19
54,14,15,35,55,34,30/8/19
40,27,54,38,30,24,1/9/19
43,49,14,55,44,33,3/9/19
43,57,50,12,49,19,6/9/19
56,53,49,40,20,7,8/9/19
30,13,9,11,47,1,10/9/19
44,49,42,18,20,4,13/9/19
8,34,55,31,1,11,15/9/19
21,26,38,10,19,36,17/9/19
58,5,1,14,9,36,20/9/19
10,5,2,24,49,58,22/9/19
15,39,10,5,21,55,24/9/19
47,56,46,58,54,37,27/9/19
8,24,37,23,26,40,29/9/19
9,2,35,11,52,6,1/10/19
22,52,8,45,2,41,4/10/19
23,11,12,42,8,45,6/10/19
40,52,14,45,21,38,8/10/19
55,16,17,9,52,20,11/10/19
13,31,17,22,35,36,13/10/19
13,23,9,58,38,14,15/10/19
55,37,11,21,18,45,18/10/19
45,43,2,47,13,58,20/10/19
14,25,54,45,35,36,22/10/19
34,44,13,30,29,54,25/10/19
34,44,13,30,29,54,25/10/19
6,3,39,38,43,34,27/10/19
2,37,50,26,22,10,29/10/19
10,18,14,23,3,54,1/11/19
37,13,31,22,28,16,3/11/19
11,49,32,8,45,52,5/11/19
54,31,8,22,52,32,8/11/19
22,7,33,54,13,15,10/11/19
11,43,53,28,15,49,12/11/19
56,21,19,32,39,41,15/11/19
15,55,2,12,35,14,17/11/19
15,55,17,1,6,20,19/11/19
1,2,25,32,31,50,22/11/19
41,28,27,44,14,57,24/11/19
58,46,45,52,25,54,26/11/19
19,36,26,21,27,8,29/11/19
55,44,5,16,15,54,1/12/19
39,46,55,2,52,44,3/12/19
11,41,55,58,10,17,6/12/19
45,36,19,55,3,32,8/12/19
34,30,35,9,18,21,10/12/19
8,37,22,1,31,55,13/12/19
1,45,44,46,10,5,15/12/19
54,49,35,40,37,5,17/12/19
41,9,15,19,58,44,20/12/19
55,25,17,57,11,50,22/12/19
36,37,51,14,4,15,24/12/19
8,56,18,37,58,23,27/12/19
27,28,40,45,43,14,29/12/19
28,21,14,52,46,29,31/12/19
50,18,51,38,57,30,3/1/20
24,19,40,53,9,7,5/1/20
54,46,2,41,47,3,7/1/20
22,16,32,20,51,9,10/1/20
43,35,38,13,23,22,12/1/20
9,4,21,34,15,37,14/1/20
14,11,21,9,16,17,17/1/20
10,1,39,5,28,15,19/1/20
27,50,42,52,15,34,21/1/20
38,34,30,6,44,21,24/1/20
1,3,29,41,24,48,26/1/20
26,51,36,37,41,57,28/1/20
55,18,1,16,52,3,31/1/20
2,41,9,6,55,24,2/2/20
22,49,42,20,40,5,4/2/20
22,16,29,26,19,39,7/2/20
14,7,43,54,42,31,9/2/20
38,34,23,50,58,33,11/2/20
41,55,14,46,4,10,14/2/20
55,17,33,38,45,30,16/2/20
47,23,31,56,42,1,18/2/20
41,43,14,35,52,50,21/2/20
17,54,22,11,45,26,23/2/20
46,14,25,29,57,45,25/2/20
46,56,55,52,14,37,28/2/20
40,14,41,20,52,36,1/3/20
47,11,32,45,34,29,3/3/20
26,53,10,24,49,12,6/3/20
9,38,17,54,16,53,8/3/20
57,30,7,29,40,13,10/3/20
45,8,49,4,7,13,13/3/20
52,12,43,8,25,26,15/3/20
43,15,21,17,27,54,17/3/20
36,30,1,33,28,21,20/3/20
44,35,9,56,19,32,22/3/20
23,55,15,10,27,43,24/3/20
39,51,15,6,48,41,27/3/20
49,38,57,29,19,23,29/3/20
50,41,56,1,8,13,7/8/20
13,10,55,48,12,6,9/8/20
6,2,49,40,33,23,11/8/20
1,2,56,8,17,40,14/8/20
22,51,32,18,33,26,16/8/20
8,41,50,18,34,9,18/8/20
28,39,2,24,17,16,21/8/20
15,40,7,3,13,9,23/8/20
2,51,20,16,19,56,25/8/20
14,10,5,13,56,53,28/8/20
2,1,26,14,28,46,30/8/20
49,38,23,12,20,56,1/9/20
26,46,4,48,8,44,4/9/20
18,19,28,9,1,11,6/9/20
25,11,51,46,42,45,8/9/20
20,36,38,42,58,47,11/9/20
18,3,25,37,27,52,13/9/20
21,2,10,38,14,19,15/9/20
50,29,56,57,3,47,18/9/20
36,51,47,24,53,15,20/9/20
22,28,55,9,57,32,22/9/20
40,24,36,14,10,16,25/9/20
52,45,54,41,18,35,27/9/20
39,32,41,50,13,8,29/9/20
1,49,34,19,6,27,2/10/20
51,46,14,7,38,16,4/10/20
20,4,18,29,14,44,6/10/20
42,3,31,1,22,51,9/10/20
54,11,38,19,32,21,11/10/20
38,55,45,49,20,26,13/10/20
36,7,3,40,58,38,16/10/20
33,13,39,10,1,5,18/10/20
7,33,34,51,4,16,20/10/20
37,49,19,51,4,54,23/10/20
1,14,47,30,57,39,25/10/20
52,55,56,20,57,45,27/10/20
1,2,38,24,11,6,30/10/20
9,43,17,25,19,47,1/11/20
42,17,53,5,55,43,3/11/20
48,21,44,4,41,16,6/11/20
36,33,5,34,35,42,8/11/20
13,27,41,4,37,40,10/11/20
2,27,34,15,38,52,13/11/20
39,5,8,26,50,10,15/11/20
4,30,22,6,17,40,17/11/20
11,32,9,55,1,41,20/11/20
53,12,38,55,7,2,22/11/20
25,7,47,34,5,40,24/11/20
30,35,52,12,23,47,27/11/20
50,57,17,41,11,42,29/11/20
49,52,40,48,43,54,1/12/20
2,29,35,43,26,18,4/12/20
19,9,52,55,31,54,6/12/20
20,26,22,49,51,7,8/12/20
18,13,16,1,17,31,11/12/20
55,15,3,35,7,24,13/12/20
33,47,55,32,3,57,15/12/20
8,49,52,42,31,55,18/12/20
34,38,46,22,48,52,20/12/20
9,45,51,15,42,36,22/12/20
21,57,33,32,39,49,27/12/20
19,38,48,30,6,46,29/12/20
29,6,19,38,27,58,3/1/21
28,1,5,30,15,32,5/1/21
52,26,50,44,6,45,8/1/21
22,30,28,39,5,19,10/1/21
38,54,47,48,42,25,12/1/21
7,53,54,9,50,29,15/1/21
39,29,17,5,37,1,17/1/21
20,46,48,44,10,50,19/1/21
19,7,56,24,28,43,22/1/21
57,21,47,33,27,5,24/1/21
2,42,11,29,56,21,26/1/21
34,10,26,4,42,21,29/1/21
11,5,19,49,17,35,31/1/21
37,29,33,51,42,13,2/2/21
26,1,44,40,3,36,5/2/21
11,12,1,56,48,38,7/2/21
43,9,21,18,20,31,9/2/21
24,9,32,41,29,22,12/2/21
53,51,46,31,26,7,14/2/21
4,35,7,26,23,14,16/2/21
52,2,16,7,51,44,19/2/21
47,21,38,1,28,3,21/2/21
54,13,51,29,30,31,23/2/21
49,31,45,40,53,8,26/2/21
57,44,15,27,38,6,28/2/21
57,4,14,49,31,41,2/3/21
56,26,12,3,45,32,5/3/21
49,4,38,40,13,19,7/3/21
19,44,29,30,5,46,9/3/21
49,2,6,43,54,25,12/3/21
37,31,6,26,42,8,14/3/21
6,14,55,52,16,12,16/3/21
45,52,16,30,48,12,19/3/21
26,23,48,42,14,2,21/3/21
16,27,8,5,12,23,23/3/21
1,5,42,52,7,17,26/3/21
24,28,32,13,9,6,28/3/21
37,18,48,47,58,45,30/3/21
53,9,15,28,4,23,6/4/21
32,36,29,43,26,52,9/4/21
10,7,49,22,15,6,11/4/21
19,58,42,6,57,2,13/4/21
10,55,45,57,2,35,16/4/21
14,19,40,32,9,15,18/4/21
45,54,13,6,51,35,20/4/21
12,13,31,53,10,24,23/4/21
24,20,50,43,49,35,25/4/21
37,25,17,2,42,50,27/4/21
6,31,52,42,22,48,30/4/21
43,47,25,53,35,10,2/5/21
14,56,6,33,32,44,4/5/21
44,28,55,31,35,49,7/5/21
29,42,49,17,11,18,9/5/21
40,20,31,38,26,1,11/5/21
28,20,52,21,4,55,14/5/21
40,21,28,57,25,43,16/5/21
18,33,26,36,46,1,18/5/21
10,54,17,52,6,8,21/5/21
5,34,13,43,37,25,23/5/21
42,17,44,34,48,30,25/5/21
40,36,41,10,48,35,28/5/21
19,22,28,27,3,45,30/5/21
18,52,39,3,40,22,1/6/21
25,5,48,15,8,34,4/6/21
1,50,17,10,7,47,6/6/21
12,27,25,49,30,41,8/6/21
56,52,32,37,10,3,11/6/21
46,42,21,12,16,9,13/6/21
3,37,29,53,22,9,15/6/21
37,16,10,13,6,36,18/6/21
1,47,26,41,2,53,20/6/21
5,38,9,20,24,17,22/6/21
10,28,17,1,50,48,25/6/21
35,27,29,25,30,4,27/6/21
47,55,51,23,41,4,29/6/21
25,38,3,31,14,34,2/7/21
55,35,21,26,31,11,4/7/21
42,12,10,19,40,26,6/7/21
12,39,23,24,36,35,9/7/21
53,43,16,42,58,46,11/7/21
42,58,24,54,55,29,13/7/21
58,1,22,10,21,37,16/7/21
39,17,51,25,14,50,18/7/21
58,33,4,5,13,14,20/7/21
5,20,29,55,9,49,23/7/21
15,1,48,33,12,19,25/7/21
53,10,12,30,11,5,27/7/21
26,11,32,37,46,24,30/7/21
7,17,28,5,38,26,1/8/21
54,3,40,36,53,34,3/8/21
53,16,24,39,43,42,6/8/21
45,47,13,55,5,39,8/8/21
25,27,34,11,49,45,10/8/21
4,48,33,54,51,49,13/8/21
3,1,47,56,6,7,15/8/21
9,12,35,4,22,32,17/8/21
29,10,6,8,35,46,20/8/21
17,8,52,28,42,15,22/8/21
39,55,31,58,22,51,24/8/21
19,53,49,47,48,56,27/8/21
48,32,41,36,9,18,29/8/21
3,47,34,43,29,7,31/8/21
58,55,23,22,57,44,3/9/21
35,47,15,34,23,58,5/9/21
54,37,56,18,43,45,7/9/21
31,28,15,2,50,43,12/9/21
42,34,46,35,5,23,10/9/21
54,1,44,13,51,25,14/9/21
51,34,8,43,9,32,17/9/21
32,21,5,34,27,10,19/9/21
35,49,57,23,24,48,21/9/21
4,12,14,44,55,6,24/9/21
16,3,23,19,55,36,26/9/21
21,58,34,4,33,1,28/9/21
18,49,23,22,19,47,1/10/21
6,17,31,8,13,5,3/10/21
45,41,2,42,48,3,5/10/21
49,20,32,15,22,1,8/10/21
19,3,40,57,54,56,10/10/21
3,30,45,19,16,32,12/10/21
37,3,35,2,42,44,15/10/21
2,13,4,37,18,48,17/10/21
16,32,50,22,28,35,19/10/21
37,54,14,51,48,5,22/10/21
56,7,35,25,52,29,24/10/21
50,12,3,26,28,21,26/10/21
28,43,31,8,15,6,29/10/21
28,43,31,8,15,6,29/10/21
16,50,51,46,2,54,31/10/21
6,14,28,27,2,18,2/11/21
22,43,19,12,13,2,5/11/21
16,17,44,49,37,25,7/11/21
40,58,5,18,17,50,9/11/21
5,15,53,23,31,49,12/11/21
55,21,12,48,1,35,14/11/21
14,22,4,19,25,5,16/11/21
55,21,6,28,42,25,19/11/21
26,36,41,43,21,1,21/11/21
58,19,35,46,30,10,23/11/21
20,17,12,29,10,46,26/11/21
34,5,39,16,11,48,28/11/21
51,45,24,21,58,13,30/11/21
32,5,41,53,35,20,3/12/21
52,4,8,55,15,46,5/12/21
54,36,5,45,8,18,7/12/21
44,8,9,11,36,57,12/12/21
57,2,33,41,44,56,10/12/21
49,15,9,56,45,12,14/12/21
44,57,19,24,10,52,17/12/21
58,28,48,3,8,41,19/12/21
16,2,18,26,14,58,21/12/21
14,27,16,2,34,45,24/12/21
43,21,18,22,57,51,26/12/21
21,19,39,24,36,22,28/12/21
47,26,48,14,8,6,31/12/21
10,25,1,35,4,58,2/1/22
43,26,46,52,32,14,4/1/22
5,34,22,25,13,43,7/1/22
51,48,20,50,32,43,11/1/22
53,10,19,21,42,47,14/1/22
13,34,17,41,58,53,16/1/22
52,15,42,18,34,47,18/1/22
43,37,49,34,1,30,21/1/22
46,3,39,30,28,18,23/1/22
11,21,47,53,4,34,25/1/22
53,5,1,38,37,17,28/1/22
22,2,14,30,10,35,30/1/22
54,36,27,21,3,9,1/2/22
11,27,1,3,55,32,4/2/22
34,14,43,17,11,5,6/2/22
51,20,29,18,36,8,8/2/22
46,29,47,19,56,2,9/1/22
49,45,3,13,39,57,11/2/22
2,56,48,11,21,45,13/2/22
25,8,31,34,33,26,15/2/22
47,58,12,18,31,44,18/2/22
40,39,35,52,5,17,20/2/22
42,13,25,50,34,30,22/2/22
56,16,18,30,42,41,25/2/22
31,29,33,12,58,49,27/2/22
51,11,4,17,21,13,1/3/22
4,39,24,48,16,53,4/3/22
16,19,29,49,53,11,6/3/22
44,54,17,11,42,49,8/3/22
13,42,49,30,26,27,11/3/22
55,46,25,16,50,35,13/3/22
57,56,3,47,44,2,15/3/22
35,25,32,9,51,2,18/3/22
29,5,3,11,8,42,20/3/22
14,11,34,49,2,16,22/3/22
54,25,18,35,37,17,25/3/22
19,42,22,10,2,40,27/3/22
38,53,2,32,51,37,29/3/22
10,21,49,48,25,5,1/4/22
42,5,11,22,3,2,3/4/22
36,28,29,56,46,34,5/4/22
55,42,48,20,12,19,8/4/22
14,34,48,31,22,4,10/4/22
51,53,42,7,55,12,12/4/22
33,6,45,8,42,38,19/4/22
1,22,49,26,9,8,22/4/22
2,15,8,51,9,45,24/4/22
52,18,30,22,49,20,26/4/22
49,42,17,20,33,31,29/4/22
2,23,6,58,18,21,1/5/22
34,12,39,9,8,6,3/5/22
29,11,36,2,57,3,6/5/22
25,53,56,14,48,6,8/5/22
46,29,10,38,48,56,10/5/22
3,43,16,7,23,40,13/5/22
40,52,25,44,28,50,15/5/22
5,11,41,30,37,29,17/5/22
25,30,38,40,42,21,20/5/22
28,13,44,58,50,3,22/5/22
20,22,9,54,6,19,24/5/22
40,51,50,19,1,32,27/5/22
9,25,56,40,12,43,29/5/22
28,56,12,43,25,31,31/5/22
25,47,54,36,41,10,3/6/22
25,11,54,52,50,3,5/6/22
28,26,50,4,5,21,7/6/22
19,44,38,33,47,43,10/6/22
5,37,40,48,9,39,12/6/22
48,33,10,46,2,53,14/6/22
26,6,43,40,12,4,17/6/22
2,14,51,21,26,46,19/6/22
21,12,54,31,43,48,21/6/22
5,55,19,22,11,2,24/6/22
53,47,15,30,32,58,26/6/22
55,54,2,58,23,9,28/6/22
58,24,13,43,34,5,1/7/22
42,9,25,15,18,58,3/7/22
37,45,22,43,4,6,5/7/22
14,8,21,18,49,27,8/7/22
14,42,48,22,16,30,10/7/22
18,25,35,47,4,16,12/7/22
4,49,46,15,44,48,15/7/22
34,9,21,29,57,44,17/7/22
52,45,25,43,51,29,19/7/22
13,5,41,3,15,20,22/7/22
1,14,20,43,47,11,24/7/22
35,28,24,55,25,2,26/7/22
53,10,40,45,27,37,29/7/22
9,20,46,3,18,33,31/7/22
23,48,53,6,50,7,2/8/22
4,46,58,20,34,28,5/8/22
52,25,19,14,54,34,7/8/22
24,29,31,56,55,16,9/8/22
24,54,28,42,57,40,12/8/22
16,44,6,33,47,21,14/8/22
34,20,6,14,32,3,16/8/22
56,24,29,5,13,16,19/8/22
18,4,22,23,44,33,21/8/22
18,20,27,2,38,15,23/8/22
32,24,15,49,25,53,26/8/22
32,11,17,38,28,18,28/8/22
37,29,38,5,24,19,30/8/22
6,13,35,39,47,5,2/9/22
6,57,48,11,28,13,4/9/22
24,16,35,12,23,22,6/9/22
14,52,36,58,3,54,9/9/22
21,19,55,36,46,43,11/9/22
3,8,53,34,14,16,13/9/22
5,50,1,4,15,2,16/9/22
36,53,57,50,4,3,18/9/22
4,31,30,21,53,6,20/9/22
15,54,20,31,45,32,23/9/22
50,43,12,5,46,54,25/9/22
14,52,2,21,57,48,27/9/22
53,25,30,14,18,35,30/9/22
40,14,56,39,44,24,2/10/22
30,56,50,6,58,25,4/10/22
19,57,54,13,49,12,7/10/22
24,1,25,9,39,47,9/10/22
13,52,4,18,1,24,11/10/22
32,15,9,47,40,1,14/10/22
48,3,49,44,40,41,16/10/22
32,4,23,27,10,21,18/10/22
53,6,32,12,21,43,21/10/22
39,7,58,37,50,16,23/10/22
17,42,28,44,25,58,25/10/22
37,11,55,42,49,9,28/10/22
39,29,42,20,8,19,30/10/22
34,17,26,20,5,29,1/11/22
44,36,10,45,50,52,4/11/22
50,25,39,23,35,9,6/11/22
18,5,49,2,53,48,8/11/22
18,35,50,46,19,45,11/11/22
43,46,50,16,9,17,13/11/22
10,41,29,46,58,13,15/11/22
53,7,16,42,15,24,18/11/22
41,52,36,53,49,15,20/11/22
8,3,21,51,7,58,22/11/22
5,39,40,31,29,46,25/11/22
36,38,29,7,45,12,27/11/22
38,55,26,32,20,9,29/11/22
31,11,33,6,1,10,2/12/22
6,49,58,35,36,31,4/12/22
53,23,46,22,58,9,6/12/22
35,18,7,33,8,48,9/12/22
4,34,13,16,10,7,11/12/22
29,13,28,8,1,56,13/12/22
9,23,30,49,33,6,16/12/22
3,1,44,42,58,2,18/12/22
32,34,19,6,27,35,20/12/22
40,51,35,31,27,50,23/12/22
36,44,43,50,12,6,27/12/22
1,23,15,3,8,5,30/12/22
57,35,45,56,14,20,3/1/23
17,31,12,52,3,44,6/1/23
21,32,7,55,17,27,8/1/23
1,56,47,7,55,29,10/1/23
12,17,2,50,24,44,13/1/23
45,16,43,38,2,3,15/1/23
45,32,30,34,27,39,17/1/23
24,39,31,19,42,13,20/1/23
41,27,34,38,13,16,22/1/23
24,35,18,43,49,22,24/1/23
6,25,34,43,21,24,27/1/23
37,41,50,47,57,10,29/1/23
20,47,33,14,2,29,31/1/23
21,11,23,29,9,50,3/2/23
49,42,14,7,16,30,5/2/23
23,27,58,47,9,29,7/2/23
39,23,29,24,47,30,10/2/23
48,12,35,37,33,22,12/2/23
58,32,33,19,37,53,14/2/23
19,5,26,27,58,35,17/2/23
11,33,37,54,1,26,19/2/23
22,35,47,15,14,3,21/2/23
8,2,45,28,47,19,24/2/23
46,30,25,40,11,35,26/2/23
36,49,40,19,15,48,28/2/23
10,28,41,13,55,20,3/3/23
50,55,40,22,9,53,5/3/23
56,41,11,48,54,58,7/3/23
48,45,43,29,25,5,10/3/23
13,30,10,22,2,15,12/3/23
17,27,48,41,58,52,14/3/23
31,20,17,42,52,53,17/3/23
56,14,50,26,55,48,19/3/23
7,14,52,51,53,48,21/3/23
37,36,13,58,33,50,24/3/23
50,38,39,40,35,51,26/3/23
2,55,38,34,9,24,28/3/23
30,36,5,32,51,13,31/3/23
57,26,21,52,42,3,2/4/23
39,43,34,52,24,35,4/4/23
41,55,20,32,47,57,11/4/23
34,3,46,42,52,54,14/4/23
21,17,20,46,54,56,16/4/23
48,34,8,4,13,53,18/4/23
44,39,23,25,21,42,21/4/23
25,57,3,58,9,36,23/4/23
31,53,10,32,43,45,25/4/23
40,22,5,12,10,34,28/4/23
10,31,41,55,15,12,30/4/23
16,50,7,19,40,30,2/5/23
38,4,14,22,29,55,5/5/23
44,33,26,17,38,11,7/5/23
5,28,39,40,16,1,9/5/23
56,4,44,12,39,37,12/5/23
18,44,57,6,23,12,14/5/23
28,41,45,23,58,38,16/5/23
46,28,3,43,2,50,19/5/23
54,46,11,6,15,50,21/5/23
4,23,26,36,5,15,23/5/23
35,8,10,11,36,28,26/5/23
10,47,27,14,18,28,28/5/23
46,49,31,54,19,47,30/5/23
48,45,36,39,13,38,2/6/23
31,4,52,54,10,56,4/6/23
8,30,14,9,54,39,6/6/23
34,47,30,26,7,46,9/6/23
19,5,55,44,41,46,11/6/23
42,18,14,37,56,27,13/6/23
50,10,27,36,19,38,16/6/23
9,12,51,7,15,18,18/6/23
9,26,27,33,43,11,20/6/23
2,31,47,27,49,55,23/6/23
21,40,54,29,6,32,25/6/23
28,19,24,35,38,37,27/6/23
43,58,37,47,27,17,30/6/23
41,12,57,39,56,2,2/7/23
8,51,28,18,37,23,4/7/23
3,56,2,22,46,6,7/7/23
50,10,49,53,14,16,9/7/23
33,37,14,49,3,34,11/7/23
15,37,2,48,22,51,14/7/23
28,32,56,29,1,41,16/7/23
12,16,44,47,30,2,18/7/23
57,36,49,31,15,33,21/7/23
23,5,3,22,58,47,23/7/23
9,43,12,20,45,23,25/7/23
37,1,23,54,43,50,28/7/23
48,29,10,49,52,16,30/7/23
15,52,7,47,31,41,1/8/23
56,37,11,17,32,6,4/8/23
41,20,19,16,42,46,6/8/23
18,22,30,55,26,5,8/8/23
50,46,57,40,4,19,11/8/23
31,15,7,37,24,25,13/8/23
26,41,30,22,13,31,15/8/23
3,36,38,25,23,22,18/8/23
15,2,20,57,19,10,20/8/23
38,15,11,55,10,52,22/8/23
15,30,6,5,13,52,25/8/23
6,50,57,45,13,56,27/8/23
3,18,10,45,37,24,29/8/23
2,44,55,51,4,30,1/9/23
51,8,56,18,37,9,3/9/23
57,8,24,22,1,26,5/9/23
40,52,3,54,14,35,8/9/23
58,2,15,35,28,12,10/9/23
9,46,8,53,30,47,12/9/23
28,41,25,29,54,37,15/9/23
27,16,21,31,56,1,17/9/23
7,10,9,13,21,19,19/9/23
10,12,31,36,58,19,22/9/23
30,20,27,28,38,42,24/9/23
56,14,25,23,22,40,26/9/23
4,42,22,10,21,16,29/9/23
55,34,30,25,43,8,1/10/23
45,32,11,19,35,34,3/10/23
19,30,6,29,43,48,6/10/23
19,16,33,13,10,47,8/10/23
16,57,27,28,24,47,10/10/23
34,51,20,55,23,2,13/10/23
56,53,40,6,35,42,15/10/23
51,48,44,5,14,12,17/10/23
25,54,48,50,37,29,20/10/23
11,37,44,33,13,28,22/10/23
6,25,30,31,7,12,24/10/23
33,22,45,11,16,2,27/10/23
51,34,24,2,53,6,29/10/23
39,37,8,47,51,21,31/10/23
58,37,47,31,10,32,3/11/23
11,17,45,38,9,48,5/11/23
24,46,8,26,57,33,7/11/23
45,55,40,4,8,44,10/11/23
42,18,56,33,20,17,12/11/23
55,27,56,39,44,57,14/11/23
45,10,2,20,28,58,17/11/23
44,55,43,1,23,26,19/11/23
20,35,27,7,19,33,21/11/23
20,14,55,22,4,58,24/11/23
39,9,40,1,55,14,26/11/23
24,45,42,5,53,28,28/11/23
3,9,44,21,34,26,1/12/23
3,11,36,16,44,49,3/12/23
21,4,23,12,32,35,5/12/23
34,38,20,43,15,28,8/12/23
37,48,19,15,57,39,10/12/23
3,36,44,1,14,11,12/12/23
11,18,52,58,54,8,15/12/23
52,7,9,29,37,38,17/12/23
33,30,43,32,27,57,19/12/23
46,43,44,16,50,21,22/12/23
5,6,25,13,17,16,24/12/23
42,49,16,9,6,47,26/12/23
19,35,25,42,58,5,29/12/23
44,24,30,31,1,32,31/12/23
58,7,40,9,56,29,2/1/24
46,54,5,35,4,13,5/1/24
37,28,8,18,40,38,7/1/24
10,34,39,45,52,24,9/1/24
6,44,20,22,37,25,12/1/24
23,40,8,42,45,55,14/1/24
39,45,18,26,58,5,16/1/24
11,20,58,31,44,35,19/1/24
1,46,33,43,24,17,21/1/24
44,37,47,25,31,30,23/1/24
25,33,9,50,38,6,26/1/24
51,18,54,10,49,35,28/1/24
36,51,1,56,4,42,30/1/24
51,30,21,14,44,28,2/2/24
27,50,21,8,53,32,4/2/24
11,20,53,50,19,55,6/2/24
11,12,15,29,25,10,9/2/24
1,29,51,45,40,57,11/2/24
4,14,51,56,15,29,13/2/24
29,3,7,11,17,58,16/2/24
55,1,20,3,58,10,18/2/24
43,8,32,1,10,42,20/2/24
29,55,36,58,10,50,23/2/24
6,33,48,56,27,35,25/2/24
9,14,37,22,13,20,27/2/24
4,7,57,5,54,47,1/3/24
56,57,24,9,30,31,3/3/24
55,52,53,58,45,42,5/3/24
25,29,36,31,34,3,8/3/24
40,50,42,53,8,3,10/3/24
21,33,2,46,34,47,12/3/24
54,2,27,26,11,17,15/3/24
48,30,6,37,52,14,17/3/24
33,45,13,38,56,42,19/3/24
13,5,47,49,8,54,22/3/24
25,32,10,22,17,57,24/3/24
23,26,48,1,25,31,26/3/24
33,17,7,18,50,57,2/4/24
39,52,26,43,54,32,5/4/24
55,52,20,26,24,2,7/4/24
28,57,34,17,35,19,9/4/24
30,33,56,58,41,13,12/4/24
52,3,48,42,28,2,14/4/24
43,44,37,42,55,38,16/4/24
14,2,33,15,27,45,19/4/24
57,30,22,39,19,18,21/4/24
31,7,48,15,45,47,23/4/24
2,24,22,47,49,21,26/4/24
46,32,52,15,20,21,28/4/24
9,56,36,7,55,54,30/4/24
32,30,8,3,51,6,3/5/24
4,48,28,17,22,33,5/5/24
35,11,9,40,55,19,7/5/24
51,56,6,38,54,39,10/5/24
50,56,5,44,29,53,12/5/24
54,26,48,31,30,27,14/5/24
16,48,44,56,46,38,17/5/24
2,56,44,24,27,40,19/5/24
46,5,13,40,1,29,21/5/24
6,10,33,29,41,26,24/5/24
56,21,44,25,49,58,26/5/24
16,47,40,14,21,22,28/5/24
36,8,40,47,55,17,31/5/24
12,42,19,58,1,26,2/6/24
2,47,4,25,21,41,4/6/24
13,21,11,14,40,37,7/6/24
49,32,2,3,4,34,9/6/24
39,23,50,48,55,37,11/6/24
13,54,48,41,10,46,14/6/24
46,36,58,2,50,19,16/6/24
57,2,33,27,7,29,18/6/24
8,24,15,44,4,58,21/6/24
53,17,51,50,1,28,23/6/24
20,58,46,19,24,42,25/6/24
44,18,4,1,42,58,28/6/24
50,41,4,5,34,47,30/6/24
4,33,58,6,38,32,2/7/24
19,9,52,49,16,27,5/7/24
12,44,18,51,37,32,7/7/24
1,31,21,32,30,43,9/7/24
20,55,35,51,52,38,12/7/24
19,7,58,53,44,38,14/7/24
5,28,35,42,29,7,16/7/24
6,32,16,47,10,5,19/7/24
38,27,49,23,32,13,21/7/24
5,1,56,33,11,9,23/7/24
22,11,5,14,43,12,26/7/24
4,25,46,33,49,28,28/7/24
39,31,52,56,42,1,30/7/24
10,41,51,9,14,38,2/8/24
54,12,56,17,3,28,4/8/24
26,49,11,37,8,50,6/8/24
10,40,7,19,34,47,9/8/24
49,43,30,4,25,37,11/8/24
41,56,25,1,10,24,13/8/24
27,51,50,4,22,41,16/8/24
32,52,29,48,31,7,18/8/24
39,46,57,37,45,50,20/8/24
39,46,7,23,45,44,23/8/24
9,2,51,5,6,42,25/8/24
40,53,24,45,50,10,27/8/24
41,44,52,8,3,40,30/8/24
6,56,41,33,35,17,1/9/24
3,15,38,34,4,10,3/9/24
53,45,18,41,40,13,6/9/24
24,55,30,19,40,10,8/9/24
22,33,25,17,58,42,10/9/24
17,30,50,45,20,15,13/9/24
31,22,19,43,37,5,15/9/24
20,42,47,41,49,27,17/9/24
34,1,31,26,28,55,20/9/24
24,56,8,52,4,36,22/9/24
24,22,32,45,48,43,24/9/24
11,8,29,58,30,53,27/9/24
20,40,26,46,38,1,29/9/24
30,39,13,40,14,22,1/10/24
46,19,11,40,41,16,4/10/24
16,13,53,9,41,49,6/10/24
18,37,17,40,34,57,8/10/24
4,17,39,14,38,10,11/10/24
57,39,49,31,19,14,13/10/24
1,22,20,17,30,44,15/10/24
30,25,47,9,53,40,18/10/24
42,13,38,56,28,26,20/10/24